"player_name","position","adp","adp_match_quality","name_team_flag","team","pa","hr","sb","r","rbi","avg","pa_z","hr_z","sb_z","r_z","rbi_z","avg_z","z_total_raw","z_total_weights","dollars_raw","dollars_weights","dollars_adp"
"Shohei Ohtani","UT, P",1.19,"exact_name_team","unique_name","LAD",659.3,46.9,24.2,120.7,113.2,0.284,1.497,3.075,0.968,5.021,2.749,1.874,15.938,15.839,88.21,69.67,56.1
"Aaron Judge","OF",2.08,"exact_name_team","unique_name","NYY",637.5,48.4,9.2,108.4,116.9,0.292,1.16,3.484,-0.357,3.887,3.405,2.362,14.05,14.005,77.88,61.71,50.62
"Bobby Witt Jr.","SS",3.08,"exact_name_team","unique_name","KCR",659.8,30.3,34.6,104.4,96.4,0.295,1.432,0.903,1.882,2.854,1.312,2.576,12.767,13.22,70.86,58.31,46.78
"Juan Soto","OF",4.23,"exact_name_team","unique_name","NYM",674.9,38,19.9,109.4,100.5,0.276,1.51,1.797,0.537,3.198,1.469,1.372,9.996,10.642,55.69,47.14,43.67
"Ronald Acuña Jr.","OF",7.38,"exact_name_team","unique_name","ATL",629.3,29.6,24.6,100.7,85.3,0.284,1.264,0.99,1.103,3.014,0.715,1.895,9.839,10.374,54.84,45.97,38.21
"Julio Rodríguez","OF",9,"exact_name_team","unique_name","SEA",658.9,29,26.2,92.7,92.2,0.276,1.411,0.728,1.149,1.333,0.966,1.403,8.941,10.027,49.92,44.47,36.27
"Vladimir Guerrero Jr.","1B",18.15,"exact_name_team","unique_name","TOR",662.5,31.9,5.5,96.4,100.2,0.3,1.455,1.087,-0.722,1.745,1.598,2.835,8.963,9.805,50.04,43.51,29.39
"Yordan Alvarez","UT",32.19,"exact_name_team","unique_name","HOU",552.7,31.8,4.1,84.9,89.7,0.296,0.107,1.898,-0.783,2.458,2.225,2.639,9.764,9.342,54.43,41.5,23.78
"Fernando Tatis Jr.","OF",13.42,"exact_name_team","unique_name","SDP",645.7,29.9,24.2,94.9,87.6,0.273,1.173,0.925,1.008,1.874,0.725,1.198,8.416,9.283,47.05,41.24,32.35
"Corbin Carroll","OF",15.73,"exact_name_team","unique_name","ARI",603.6,24.8,33.1,98.3,78.5,0.261,0.87,0.48,2.023,3.255,0.415,0.458,9.159,9.234,51.12,41.03,30.8
"Junior Caminero","3B",14.54,"exact_name_team","unique_name","TBR",631,36.1,5.2,84,101.9,0.272,0.902,1.866,-0.732,0.663,2.179,1.117,8.297,9.17,46.4,40.76,31.57
"José Ramírez","3B",5.08,"exact_name_team","unique_name","CLE",649,25.6,34.2,88.5,86.1,0.27,1.289,0.33,1.901,0.954,0.561,1.007,7.859,9.011,44,40.07,41.87
"Elly De La Cruz","SS",7.5,"exact_name_team","unique_name","CIN",636.3,23.5,39.5,91.4,78.7,0.261,1.225,0.12,2.434,1.591,0.053,0.476,7.863,8.854,44.03,39.38,38.05
"Gunnar Henderson","SS",14.04,"exact_name_team","unique_name","BAL",657.3,26.5,22.3,99.2,87.1,0.274,1.375,0.406,0.798,2.218,0.55,1.262,8.045,8.819,45.02,39.23,31.91
"Kyle Tucker","OF",13.92,"exact_name_team","unique_name","LAD",619.9,28.9,20.4,94.6,88.1,0.27,0.894,0.962,0.743,2.359,1.091,0.999,8.31,8.646,46.47,38.48,31.99
"Brent Rooker","OF",45.88,"exact_name_team","unique_name","ATH",640.3,33.1,6.4,87.7,95.7,0.263,1.193,1.389,-0.618,1.011,1.505,0.596,6.76,7.824,37.99,34.92,20.3
"Jackson Chourio","OF",20.12,"exact_name_team","unique_name","MIL",629.1,23.5,24,83.8,82.2,0.269,1.034,0.15,1.051,0.671,0.448,0.953,6.692,7.733,37.62,34.53,28.38
"Pete Alonso","1B",24.62,"exact_name_team","unique_name","BAL",654.6,36.6,2.7,87.6,102.4,0.254,1.427,1.754,-0.981,0.73,1.892,0.016,6.405,7.733,36.04,34.52,26.41
"Kyle Schwarber","UT",24.69,"exact_name_team","unique_name","PHI",657.2,41.1,6,95.5,102.4,0.233,1.426,2.336,-0.674,1.729,1.854,-1.208,6.545,7.723,36.81,34.48,26.38
"Nick Kurtz","1B",18.88,"exact_name_team","unique_name","ATH",576.3,34.4,3.3,86,89.2,0.259,0.313,2.082,-0.879,2.074,1.798,0.34,7.468,7.587,41.86,33.89,29.01
"Zach Neto","SS",28.65,"exact_name_team","unique_name","LAA",633.9,26.7,27.8,84.2,78.5,0.252,1.131,0.572,1.383,0.64,0.058,-0.068,5.799,7.238,32.73,32.38,24.92
"Pete Crow-Armstrong","OF",32.08,"exact_name_team","unique_name","CHC",619.7,23.6,34.9,83.9,77.1,0.249,0.69,0.214,2.103,0.868,0.096,-0.231,6.366,7.233,35.83,32.36,23.81
"Cal Raleigh","C",17.27,"exact_name_team","unique_name","SEA",625.9,38,8.1,84.7,99.1,0.232,1.015,2.181,-0.445,0.867,1.999,-1.293,6.056,7.126,34.14,31.9,29.88
"Trea Turner","SS",26.46,"exact_name_team","unique_name","PHI",627.6,17.7,27,85.1,71.5,0.28,1.039,-0.633,1.335,0.884,-0.496,1.608,5.949,7.009,33.55,31.39,25.7
"Bryce Harper","1B",46.58,"exact_name_team","unique_name","PHI",606.4,27,9.9,83.3,87.8,0.272,0.978,0.776,-0.242,1.043,1.239,1.12,6.234,7.003,35.11,31.36,20.16
"Jazz Chisholm Jr.","2B, 3B",20.54,"exact_name_team","unique_name","NYY",591,27.5,31.4,79.7,76,0.24,0.482,0.952,1.927,0.826,0.33,-0.806,6.084,6.981,34.29,31.27,28.18
"Byron Buxton","OF",74.88,"exact_name_team","unique_name","MIN",519.4,27.2,15.5,75.3,73.4,0.251,-0.251,1.45,0.557,1.708,1.049,-0.134,6.988,6.88,39.24,30.83,15.5
"Ketel Marte","2B",30.88,"exact_name_team","unique_name","ARI",615.7,26.9,5.5,87.2,86.8,0.274,0.92,0.699,-0.689,1.408,1.023,1.283,6.082,6.727,34.28,30.17,24.18
"Austin Riley","3B",68.27,"exact_name_team","unique_name","ATL",624.6,29.2,2.6,82.8,91.3,0.263,1.116,0.968,-0.971,0.62,1.318,0.625,5.616,6.69,31.73,30,16.41
"Francisco Lindor","SS",24.62,"exact_name_team","unique_name","NYM",618.2,24.5,22.4,85,76,0.256,0.924,0.355,0.942,1.054,0.015,0.186,5.383,6.444,30.45,28.94,26.41
"Manny Machado","3B",36,"exact_name_team","unique_name","SDP",623.7,27.3,9.4,77.2,86.8,0.263,0.974,0.716,-0.322,-0.146,0.921,0.62,4.918,6.238,27.91,28.04,22.68
"Teoscar Hernández","OF",133.04,"exact_name_team","unique_name","LAD",553.1,26.5,6.5,72,82.1,0.26,0.249,1.062,-0.522,0.41,1.445,0.384,5.63,6.098,31.81,27.44,9.87
"Corey Seager","SS",96.54,"exact_name_team","unique_name","TEX",526.4,27,2.4,71.5,79.8,0.276,-0.157,1.365,-0.955,0.911,1.624,1.364,6.019,6.022,33.93,27.11,13.01
"Freddie Freeman","1B",64.12,"exact_name_team","unique_name","LAD",617.3,22.5,7.9,83,84.5,0.274,1.147,0.076,-0.458,0.781,0.8,1.262,5.048,5.968,28.62,26.87,17.02
"Wyatt Langford","OF",42.88,"exact_name_team","unique_name","TEX",612.8,24.7,21,84.8,76.8,0.254,0.816,0.409,0.821,1.126,0.142,0.038,5.043,5.962,28.59,26.85,20.97
"Michael Harris II","OF",100.69,"exact_name_team","unique_name","ATL",567.3,20,18.5,73,73,0.271,0.064,-0.025,0.72,0.289,0.337,1.064,5.412,5.83,30.61,26.28,12.6
"George Springer","OF",95.77,"exact_name_team","unique_name","TOR",568,24.5,13.1,78.4,72.9,0.259,0.5,0.662,0.155,1.091,0.314,0.365,4.999,5.711,28.35,25.76,13.09
"Riley Greene","OF",75.46,"exact_name_team","unique_name","DET",629.6,27.8,4,83.3,86.8,0.259,1.003,0.745,-0.838,0.596,0.852,0.333,4.592,5.693,26.12,25.68,15.43
"Jo Adell","OF",125.73,"exact_name_team","unique_name","LAA",565.5,30.8,9.7,71.7,82.3,0.241,0.101,1.638,-0.197,0.117,1.281,-0.759,4.881,5.62,27.71,25.36,10.43
"Shea Langeliers","C",56.19,"exact_name_team","unique_name","ATH",525.9,27.8,5.8,70.4,77.4,0.255,-0.354,1.493,-0.558,0.727,1.369,0.111,5.528,5.598,31.25,25.27,18.32
"Jackson Merrill","OF",69,"exact_name_team","unique_name","SDP",606.2,22.8,7.8,78.3,79.8,0.269,0.795,0.185,-0.454,0.32,0.497,0.948,4.597,5.58,26.15,25.19,16.31
"Oneil Cruz","OF",100.88,"exact_name_team","unique_name","PIT",528.5,22.9,27,73.3,66.9,0.241,-0.223,0.667,1.804,1.15,0.221,-0.755,5.404,5.576,30.57,25.17,12.58
"James Wood","OF",31.77,"exact_name_team","unique_name","WSN",630,24.9,17,84.6,79.1,0.258,0.785,0.347,0.392,0.772,0.162,0.265,4.431,5.43,25.25,24.54,23.91
"Jarren Duran","OF",70.88,"exact_name_team","unique_name","BOS",607.3,17.4,23.6,85.1,71.3,0.262,0.659,-0.598,1.092,1.275,-0.302,0.545,4.803,5.356,27.28,24.22,16.04
"Hunter Goodman","C",64.92,"exact_name_team","unique_name","COL",557.7,27.7,2.3,70.5,84.9,0.256,0.003,1.225,-0.972,0.086,1.657,0.164,4.948,5.322,28.08,24.07,16.9
"Rafael Devers","1B",50.38,"exact_name_team","unique_name","SFG",655.8,30,2.4,87.3,89.5,0.251,1.414,0.881,-1.007,0.671,0.77,-0.134,3.834,5.305,21.98,24,19.39
"Matt Olson","1B",45.15,"exact_name_team","unique_name","ATL",665.6,29.9,1,87.1,93.6,0.249,1.542,0.807,-1.133,0.472,1.006,-0.285,3.701,5.225,21.25,23.65,20.46
"Jeremy Peña","SS",92.12,"exact_name_team","unique_name","HOU",632.5,17.9,17.9,81.2,70.9,0.272,1.068,-0.628,0.473,0.254,-0.593,1.141,3.851,5.211,22.07,23.59,13.47
"Seiya Suzuki","OF",89.92,"exact_name_team","unique_name","CHC",602.6,25.9,8.4,80.6,83,0.255,0.638,0.641,-0.385,0.722,0.846,0.116,4.464,5.201,25.43,23.55,13.71
"Bo Bichette","SS",96.27,"exact_name_team","unique_name","NYM",607.4,18.3,6,75.7,75.8,0.284,0.917,-0.467,-0.634,-0.07,0.112,1.857,3.937,5.079,22.54,23.02,13.04
"Mookie Betts","SS",56.5,"exact_name_team","unique_name","LAD",621.2,21.3,9.1,84.9,79.5,0.266,0.981,-0.109,-0.34,0.982,0.294,0.809,4.199,5.051,23.98,22.9,18.26
"CJ Abrams","SS",60.62,"exact_name_team","unique_name","WSN",606.8,17.5,30,77.3,65.6,0.252,0.814,-0.585,1.709,0.168,-0.819,-0.088,3.59,4.893,20.64,22.21,17.57
"Maikel Garcia","3B",69.73,"exact_name_team","unique_name","KCR",639.9,12.9,26.2,82.3,65.9,0.271,1.225,-1.325,1.212,0.272,-1.11,1.07,3.28,4.707,18.95,21.41,16.2
"Vinnie Pasquantino","1B",78.15,"exact_name_team","unique_name","KCR",630.5,25.3,1.4,77.3,88.5,0.263,0.925,0.402,-1.091,-0.244,0.99,0.601,3.532,4.709,20.33,21.41,15.09
"Ezequiel Tovar","SS",217.46,"exact_name_team","unique_name","COL",627.7,20.5,9.5,76.5,76,0.262,1.111,-0.254,-0.316,-0.312,-0.089,0.528,3.114,4.654,18.04,21.18,5.06
"Salvador Perez","C, 1B",94.08,"exact_name_team","unique_name","KCR",575.5,27.2,0.6,65.2,85.9,0.252,0.592,1.016,-1.169,-1.054,1.495,-0.046,3.403,4.65,19.62,21.16,13.27
"Eugenio Suárez","3B",97.81,"exact_name_team","unique_name","CIN",598.4,32.4,2.7,72.7,88.9,0.232,0.643,1.604,-0.953,-0.338,1.447,-1.289,3.358,4.607,19.37,20.97,12.89
"Andy Pages","OF",131,"exact_name_team","unique_name","LAD",579.4,23.5,9.1,73.5,78.4,0.255,0.251,0.428,-0.278,0.13,0.71,0.12,3.904,4.542,22.36,20.69,10.02
"Yandy Díaz","1B",137.15,"exact_name_team","unique_name","TBR",614.4,20.3,2.1,77.3,75.7,0.283,1.001,-0.214,-1.018,0.031,0.026,1.804,3.236,4.53,18.71,20.64,9.57
"Luis Robert Jr.","OF",114.15,"exact_name_team","unique_name","NYM",521.3,19.5,29.5,65.5,62.1,0.236,-0.242,0.165,2.127,0.014,-0.198,-1.039,3.817,4.387,21.89,20.02,11.37
"Randy Arozarena","OF",86.12,"exact_name_team","unique_name","SEA",653.6,22.9,23.6,83.7,76.4,0.235,1.391,-0.048,0.928,0.231,-0.33,-1.143,2.659,4.382,15.55,20,14.13
"Josh Naylor","1B",63.69,"exact_name_team","unique_name","SEA",606.5,20.9,15.6,71.7,78.5,0.257,0.724,-0.098,0.317,-0.636,0.376,0.221,3.14,4.375,18.18,19.97,17.09
"Taylor Ward","OF",150.81,"exact_name_team","unique_name","BAL",629.3,26.8,5.2,81.4,81.8,0.244,1.095,0.604,-0.726,0.343,0.405,-0.542,2.93,4.325,17.03,19.75,8.64
"Willy Adames","SS",123.27,"exact_name_team","unique_name","SFG",649.1,26.4,11.5,80.6,83,0.235,1.336,0.447,-0.159,-0.11,0.293,-1.102,2.492,4.232,14.63,19.34,10.62
"Tyler Soderstrom","OF, 1B",85.15,"exact_name_team","unique_name","ATH",584.9,24.9,5.2,74.8,79.8,0.257,0.159,0.611,-0.685,0.212,0.768,0.215,3.605,4.185,20.73,19.14,14.24
"Mickey Moniak","OF",252.58,"exact_name_team","unique_name","COL",478.2,20.4,9.6,63.2,64.5,0.259,-0.971,0.609,-0.023,0.593,0.678,0.353,4.543,4.143,25.86,18.96,3.59
"Ben Rice","C, 1B",52,"exact_name_team","unique_name","NYY",541.4,26.5,4.8,72.9,76.1,0.248,-0.254,1.164,-0.69,0.807,0.999,-0.337,3.907,4.053,22.38,18.57,19.08
"Lawrence Butler","OF",148.46,"exact_name_team","unique_name","ATH",562.2,21.7,18,72,69.2,0.244,0.081,0.27,0.695,0.236,0.019,-0.541,3.36,4.047,19.39,18.54,8.8
"Trevor Story","SS",110.04,"exact_name_team","unique_name","BOS",574.5,19.7,21.9,69,69,0.246,0.35,-0.109,1.053,-0.459,-0.143,-0.463,2.959,4.042,17.19,18.52,11.73
"Cody Bellinger","OF",77.35,"exact_name_team","unique_name","NYY",594.3,21.3,11.1,74.3,74.5,0.253,0.638,0.026,-0.105,-0.043,0.147,-0.012,2.9,3.981,16.87,18.26,15.19
"Ceddanne Rafaela","2B, OF",131.46,"exact_name_team","unique_name","BOS",557.6,16.6,20.5,67.8,64.7,0.255,0.206,-0.504,0.966,-0.335,-0.378,0.08,3.019,3.895,17.52,17.89,9.99
"Jake Burger","1B",260.08,"exact_name_team","unique_name","TEX",528.4,25.9,1.9,63.3,75,0.245,-0.071,1.158,-1.008,-0.498,1.078,-0.484,3.072,3.817,17.81,17.55,3.3
"Brenton Doyle","OF",161.35,"exact_name_team","unique_name","COL",563,19.1,20.6,67.9,65.3,0.249,0.139,-0.143,0.962,-0.423,-0.374,-0.234,2.783,3.77,16.23,17.34,7.98
"Munetaka Murakami","3B",201.38,"exact_name_team","unique_name","CHW",541,29,10.1,71.5,74.7,0.218,0.261,1.56,-0.102,0.587,0.867,-2.165,2.876,3.699,16.74,17.03,5.81
"Brice Turang","2B",52.46,"exact_name_team","unique_name","MIL",633.3,13.8,29.1,77.2,62.7,0.256,1.11,-1.192,1.504,-0.306,-1.33,0.186,1.986,3.68,11.87,16.95,18.99
"Adolis García","OF",230.15,"exact_name_team","unique_name","PHI",562,24.1,11.3,66,75.8,0.237,0.223,0.632,-0.014,-0.691,0.678,-1.014,2.595,3.607,15.2,16.64,4.5
"Michael Busch","1B",106.58,"exact_name_team","unique_name","CHC",583.9,25.9,3.3,75.4,78.2,0.246,0.364,0.764,-0.889,0.329,0.63,-0.443,2.776,3.58,16.19,16.52,12.04
"William Contreras","C",57.19,"exact_name_team","unique_name","MIL",602.9,20.3,6.2,74.7,77.7,0.266,0.694,-0.161,-0.609,-0.133,0.348,0.787,2.552,3.562,14.96,16.44,18.15
"Alec Burleson","1B, OF",176.15,"exact_name_team","unique_name","STL",573.9,19.8,5.5,66,73.1,0.269,0.374,-0.083,-0.644,-0.908,0.259,0.977,2.435,3.554,14.32,16.41,7.12
"Jose Altuve","OF, 2B",112.31,"exact_name_team","unique_name","HOU",589.9,18.8,12.1,72.1,68.8,0.259,0.67,-0.314,0.006,-0.275,-0.34,0.343,2.278,3.543,13.46,16.36,11.53
"Heliot Ramos","OF",217.62,"exact_name_team","unique_name","SFG",613.2,22.2,6.6,75.7,74.3,0.255,0.696,0.057,-0.581,-0.179,-0.085,0.133,2.234,3.516,13.22,16.24,5.05
"Dansby Swanson","SS",144.19,"exact_name_team","unique_name","CHC",628.5,21.6,15.6,74.1,74.7,0.242,0.983,-0.102,0.262,-0.662,-0.219,-0.675,1.83,3.51,11.01,16.22,9.08
"Matt Chapman","3B",156.31,"exact_name_team","unique_name","SFG",612.3,24,9.1,78.2,76.8,0.237,1.024,0.312,-0.325,0.196,0.156,-0.99,2.108,3.498,12.54,16.16,8.29
"Kerry Carpenter","OF",234.62,"exact_name_team","unique_name","DET",478,23,2.7,61.6,68.2,0.253,-0.962,1.09,-0.886,0.296,1.116,-0.002,3.707,3.426,21.28,15.85,4.31
"Brandon Nimmo","OF",144.04,"exact_name_team","unique_name","TEX",622.4,21.1,9,79.1,71.9,0.252,1.042,-0.146,-0.358,0.143,-0.408,-0.093,1.936,3.419,11.59,15.82,9.09
"Roman Anthony","OF",53.23,"exact_name_team","unique_name","BOS",609.1,18.6,9.2,84,70.3,0.264,0.604,-0.429,-0.314,1.092,-0.412,0.666,2.645,3.331,15.48,15.44,18.85
"Christian Yelich","UT",126.54,"exact_name_team","unique_name","MIL",576.4,18.5,16.6,71.7,69.5,0.256,0.309,-0.302,0.496,-0.092,-0.118,0.148,2.459,3.292,14.46,15.27,10.36
"Kyle Stowers","OF",122,"exact_name_team","unique_name","MIA",576,25,4,70.7,78.5,0.242,0.285,0.673,-0.803,-0.234,0.757,-0.657,2.248,3.12,13.3,14.53,10.72
"Luis García Jr.","2B",248.04,"exact_name_team","unique_name","WSN",510.7,15.7,13.7,58.4,63,0.269,-0.511,-0.416,0.38,-0.968,0.034,0.961,2.632,3.06,15.4,14.27,3.77
"Will Smith","C",98.35,"exact_name_team","unique_name","LAD",500.6,21.2,2.9,68.8,69.1,0.262,-0.652,0.587,-0.876,1.045,0.855,0.514,3.424,3.021,19.74,14.1,12.83
"Alex Bregman","3B",111.15,"exact_name_team","unique_name","CHC",640.2,21.2,2.6,78.6,76.7,0.252,1.306,-0.208,-0.981,-0.227,-0.161,-0.056,1.22,2.925,7.68,13.68,11.63
"Yainer Diaz","C",115.65,"exact_name_team","unique_name","HOU",516,18.9,1.7,59.4,68,0.272,-0.503,0.095,-1.023,-0.903,0.512,1.135,2.515,2.919,14.76,13.66,11.24
"Daulton Varsho","OF",205.19,"exact_name_team","unique_name","TOR",543.4,23.9,9.1,67.9,72,0.226,0.054,0.734,-0.22,-0.037,0.55,-1.668,2.142,2.866,12.72,13.42,5.63
"Nico Hoerner","2B",101.77,"exact_name_team","unique_name","CHC",609.5,6.6,25.8,70.8,55.8,0.277,0.958,-2.131,1.295,-0.802,-1.754,1.429,1.213,2.805,7.64,13.16,12.5
"Ian Happ","OF",182.88,"exact_name_team","unique_name","CHC",630.8,21.4,8.3,79.4,75.1,0.241,1.171,-0.147,-0.435,0.036,-0.208,-0.767,1.167,2.709,7.38,12.74,6.75
"Bryson Stott","2B",183,"exact_name_team","unique_name","PHI",573.6,13.4,23.4,68.5,59.9,0.256,0.423,-1.057,1.201,-0.528,-1.031,0.141,1.51,2.687,9.26,12.65,6.75
"Bryan Reynolds","OF",206.46,"exact_name_team","unique_name","PIT",632.3,19,5.8,76.2,74.2,0.254,1.055,-0.469,-0.673,-0.426,-0.299,0.047,1.124,2.671,7.15,12.58,5.56
"Dylan Crews","OF",175.38,"exact_name_team","unique_name","WSN",564.8,17,23.7,66,62,0.24,0.221,-0.474,1.278,-0.746,-0.727,-0.833,1.467,2.661,9.03,12.54,7.16
"Iván Herrera","UT",151.08,"exact_name_team","unique_name","STL",537.9,17.5,8.1,68,63,0.267,0.041,-0.255,-0.313,0.081,-0.316,0.851,1.999,2.657,11.94,12.52,8.63
"Xander Bogaerts","SS",237.96,"exact_name_team","unique_name","SDP",569.3,14.3,16.1,68.1,60.3,0.264,0.416,-0.908,0.465,-0.503,-0.939,0.634,1.394,2.574,8.63,12.16,4.17
"Ozzie Albies","2B",155.5,"exact_name_team","unique_name","ATL",591.9,17.6,10.4,69.5,70.3,0.251,0.606,-0.507,-0.169,-0.7,-0.223,-0.113,1.28,2.539,8,12.01,8.34
"Willson Contreras","1B",172.23,"exact_name_team","unique_name","BOS",561.5,22.1,5,70.2,73.8,0.248,0.098,0.333,-0.686,-0.041,0.489,-0.291,1.888,2.527,11.33,11.96,7.34
"Jacob Wilson","SS",180.08,"exact_name_team","unique_name","ATH",575.5,10.3,5.2,68.3,63.4,0.295,0.256,-1.524,-0.68,-0.589,-0.707,2.536,1.723,2.494,10.43,11.81,6.9
"Wilyer Abreu","OF",224.04,"exact_name_team","unique_name","BOS",504.7,21,8.8,63,68.1,0.246,-0.673,0.528,-0.172,-0.05,0.681,-0.458,2.429,2.471,14.29,11.71,4.76
"Spencer Torkelson","1B",178,"exact_name_team","unique_name","DET",615.7,25.6,2.1,73.5,80.2,0.232,0.911,0.524,-1.025,-0.526,0.421,-1.288,0.873,2.418,5.78,11.48,7.02
"Brandon Lowe","2B",170.19,"exact_name_team","unique_name","PIT",533.4,22.6,4.5,65.5,70.2,0.243,-0.23,0.591,-0.718,-0.226,0.498,-0.655,1.856,2.401,11.15,11.41,7.46
"Gleyber Torres","2B",237.5,"exact_name_team","unique_name","DET",639.1,17.6,6,77.7,69.2,0.259,1.269,-0.687,-0.656,-0.33,-0.81,0.355,0.597,2.398,4.27,11.4,4.19
"Geraldo Perdomo","SS",76.35,"exact_name_team","unique_name","ARI",647.8,12.3,19.7,84.6,60.9,0.26,1.196,-1.425,0.594,0.447,-1.611,0.404,0.847,2.351,5.63,11.19,15.31
"Christian Walker","1B",205.35,"exact_name_team","unique_name","HOU",564.3,25.4,3.2,66.3,75.4,0.23,0.24,0.816,-0.885,-0.688,0.608,-1.39,1.189,2.31,7.51,11.01,5.62
"Ramón Laureano","OF",220.23,"exact_name_team","unique_name","SDP",511.7,19.8,8.9,63.3,64,0.245,-0.426,0.279,-0.178,-0.155,0.133,-0.531,1.88,2.28,11.29,10.89,4.93
"Kazuma Okamoto","3B",209.69,"exact_name_team","unique_name","TOR",522.4,23.6,2.2,63.3,70.9,0.239,-0.158,0.833,-0.978,-0.371,0.735,-0.878,1.568,2.217,9.58,10.61,5.41
"Jordan Westburg","3B",180.08,"exact_name_team","unique_name","BAL",408.3,16.4,4.6,53.8,54,0.259,-1.528,0.405,-0.55,0.548,0.536,0.362,3.003,2.173,17.43,10.42,6.9
"Royce Lewis","3B",181.35,"exact_name_team","unique_name","MIN",486.2,18.2,10.4,56.1,60.8,0.246,-0.462,0.169,0.063,-0.882,0.135,-0.449,1.563,2.169,9.55,10.4,6.84
"Mike Trout","OF",178.15,"exact_name_team","unique_name","LAA",501.6,24.5,3.4,65.7,67.5,0.238,-0.561,1.145,-0.82,0.489,0.669,-0.927,2.014,2.169,12.02,10.4,7.01
"Noelvi Marte","OF, 3B",139.92,"exact_name_team","unique_name","CIN",510.2,16.7,14.5,59.9,60.6,0.251,-0.582,-0.236,0.482,-0.699,-0.219,-0.113,1.722,2.161,10.42,10.37,9.38
"Jordan Beck","OF",231.69,"exact_name_team","unique_name","COL",524.1,15.7,15.7,63.5,60.7,0.249,-0.255,-0.479,0.572,-0.372,-0.39,-0.274,1.595,2.143,9.73,10.29,4.44
"Marcus Semien","2B",250.81,"exact_name_team","unique_name","NYM",579,17.9,9.2,68.9,65.6,0.24,0.932,-0.397,-0.266,-0.557,-0.532,-0.802,0.468,2.088,3.56,10.05,3.66
"Alec Bohm","3B",241.88,"exact_name_team","unique_name","PHI",567.5,14.6,3,64.9,68.5,0.272,0.343,-0.845,-0.904,-0.961,-0.113,1.13,1.098,2.086,7.01,10.04,4.01
"Sal Stewart","1B",186.96,"exact_name_team","unique_name","CIN",475.6,17.2,6.4,56.9,61.8,0.264,-0.941,0.06,-0.411,-0.499,0.407,0.66,2.114,2.059,12.57,9.92,6.54
"Otto Lopez","SS, 2B",219.04,"exact_name_team","unique_name","MIA",562.7,11.5,16.5,63.9,58.9,0.269,0.186,-1.304,0.527,-1.039,-1.01,0.934,0.895,1.983,5.9,9.6,4.99
"Luke Keaschall","2B",129.15,"exact_name_team","unique_name","MIN",532.6,11.2,22.1,66.6,54.4,0.264,-0.202,-1.249,1.247,-0.038,-1.159,0.637,1.452,1.944,8.95,9.43,10.16
"Andrew Vaughn","1B",291.58,"exact_name_team","unique_name","MIL",533.2,20.2,0.8,59.9,72.8,0.253,-0.151,0.196,-1.141,-1.133,0.773,-0.031,1.169,1.864,7.4,9.08,2.18
"Masyn Winn","SS",277.12,"exact_name_team","unique_name","STL",610.9,13.3,12.7,69.6,62.5,0.254,1,-1.191,0.023,-1.001,-1.145,0.048,0.023,1.82,1.13,8.89,2.68
"Agustín Ramírez","C",85.58,"exact_name_team","unique_name","MIA",507.6,18.2,11.2,59.7,65.4,0.249,-0.851,0.029,0.103,-0.688,0.34,-0.288,1.718,1.818,10.4,8.88,14.2
"Jurickson Profar","OF",200.5,"exact_name_team","unique_name","ATL",588.9,17.1,8.1,73.2,65.9,0.248,0.794,-0.566,-0.397,-0.102,-0.612,-0.308,0.46,1.773,3.52,8.69,5.85
"Jorge Polanco","2B",207.96,"exact_name_team","unique_name","NYM",508.5,20,5.8,61.2,66,0.245,-0.455,0.327,-0.538,-0.446,0.401,-0.478,1.373,1.771,8.51,8.68,5.49
"Giancarlo Stanton","OF",242.96,"exact_name_team","unique_name","NYY",396.6,24,0.6,49.1,61.3,0.227,-1.943,2.155,-1.143,-0.147,1.789,-1.596,2.486,1.733,14.61,8.51,3.97
"Drake Baldwin","C",86.5,"exact_name_team","unique_name","ATL",518.2,18.2,0.8,64.1,66.1,0.262,-0.418,-0.036,-1.129,-0.157,0.274,0.524,1.484,1.721,9.12,8.46,14.09
"Colton Cowser","OF",259.38,"exact_name_team","unique_name","BAL",518,20.6,12.4,64.4,64,0.232,-0.597,0.358,0.21,-0.1,0.048,-1.288,1.297,1.608,8.1,7.97,3.33
"Jonathan Aranda","1B",190.15,"exact_name_team","unique_name","TBR",566.6,19.8,1.6,66.6,71.2,0.255,0.187,-0.054,-1.059,-0.685,0.165,0.103,0.66,1.599,4.61,7.93,6.37
"Steven Kwan","OF",163.54,"exact_name_team","unique_name","CLE",645.3,7.6,17.7,77.8,53.6,0.271,1.181,-2.053,0.422,-0.42,-2.231,1.059,-0.312,1.528,-0.71,7.63,7.85
"Jakob Marsee","OF",144.54,"exact_name_team","unique_name","MIA",572.5,12.8,34,70.8,52.4,0.23,0.279,-1.139,2.284,-0.151,-1.753,-1.427,0.277,1.461,2.52,7.33,9.06
"Luis Arraez","1B",257.92,"exact_name_team","unique_name","SFG",605.4,3.5,8.3,69.8,53.5,0.299,0.778,-2.57,-0.4,-0.89,-1.931,2.781,0.032,1.43,1.17,7.2,3.38
"Matt McLain","2B",197.12,"exact_name_team","unique_name","CIN",533.7,17.1,15.6,64.7,57.8,0.235,0.043,-0.305,0.531,-0.363,-0.811,-1.114,0.415,1.422,3.27,7.16,6.02
"Chandler Simpson","OF",170.65,"exact_name_team","unique_name","TBR",453.4,1.3,41.4,52.6,33.1,0.279,-1.434,-2.833,4.095,-0.821,-2.79,1.588,1.46,1.375,8.99,6.96,7.43
"Matt Wallner","OF",326.04,"exact_name_team","unique_name","MIN",480.6,22.4,4.8,62.7,65,0.231,-1.037,0.947,-0.629,0.441,0.698,-1.385,1.594,1.315,9.72,6.7,1.09
"Trent Grisham","OF",247.96,"exact_name_team","unique_name","NYY",525.9,23.4,5.6,69.2,64.4,0.224,-0.226,0.772,-0.584,0.53,-0.012,-1.798,0.773,1.307,5.23,6.67,3.77
"Daylen Lile","OF",209.04,"exact_name_team","unique_name","WSN",541.6,10.3,14.4,66,56.5,0.265,-0.273,-1.426,0.372,-0.319,-1.029,0.72,0.798,1.225,5.37,6.31,5.44
"Xavier Edwards","2B, SS",168.35,"exact_name_team","unique_name","MIA",581.1,3.6,26.9,68.8,44.5,0.277,0.46,-2.534,1.524,-0.615,-2.588,1.42,-0.132,1.193,0.28,6.17,7.56
"Alejandro Kirk","C",157.27,"exact_name_team","unique_name","TOR",483.9,16.4,0.7,58.4,60.8,0.272,-0.84,-0.152,-1.134,-0.418,0.16,1.165,1.156,1.168,7.32,6.07,8.23
"Josh Lowe","OF",273.23,"exact_name_team","unique_name","LAA",471.1,13.8,21.2,56.1,50.9,0.24,-0.971,-0.532,1.451,-0.558,-0.822,-0.828,0.938,1.159,6.14,6.02,2.82
"Miguel Vargas","1B, 3B",292.31,"exact_name_team","unique_name","CHW",580,18.9,8,68.9,67.7,0.241,0.213,-0.25,-0.39,-0.582,-0.335,-0.769,0.038,1.088,1.21,5.72,2.16
"Addison Barger","3B, OF",193.5,"exact_name_team","unique_name","TOR",474.9,17.5,4.2,58,60.8,0.244,-0.777,0.117,-0.688,-0.286,0.292,-0.574,0.96,1.017,6.26,5.41,6.2
"Jesús Sánchez","OF",347.12,"exact_name_team","unique_name","TOR",416.2,15.7,9.2,52.6,51.7,0.249,-1.742,0.186,0.105,0.085,0.081,-0.253,1.708,0.99,10.34,5.29,0.47
"Kyle Manzardo","1B",233.54,"exact_name_team","unique_name","CLE",548.9,23.9,1.9,64.2,74.4,0.235,-0.561,0.694,-1.021,-0.741,0.722,-1.139,0.547,0.979,3.99,5.25,4.36
"Josh Bell","1B",361.54,"exact_name_team","unique_name","MIN",542.8,19.9,1.4,63.3,66.5,0.247,-0.073,0.091,-1.074,-0.774,-0.01,-0.37,0.052,0.947,1.28,5.11,0.07
"Konnor Griffin","SS",184.31,"exact_name_team","unique_name","PIT",383,10.1,18,45.9,41.1,0.257,-1.748,-0.787,1.57,-0.479,-0.872,0.224,1.396,0.914,8.64,4.96,6.68
"Adley Rutschman","C",145.42,"exact_name_team","unique_name","BAL",559.6,17.2,1,68.7,66.8,0.254,0.154,-0.42,-1.117,-0.237,-0.192,0.036,0.153,0.908,1.84,4.94,9
"Carlos Correa","3B, SS",259.69,"exact_name_team","unique_name","HOU",545.5,16,0.6,64.3,64.6,0.263,-0.084,-0.532,-1.155,-0.666,-0.241,0.599,0.181,0.893,1.99,4.87,3.32
"Willi Castro","2B, 3B, OF",273.04,"exact_name_team","unique_name","COL",524.5,12.2,14.9,65,53.9,0.256,-0.35,-1.066,0.472,-0.139,-1.124,0.184,0.409,0.878,3.24,4.8,2.83
"Jung Hoo Lee","OF",296.85,"exact_name_team","unique_name","SFG",568.2,9.4,8.9,69.2,58.8,0.27,0.168,-1.643,-0.281,-0.32,-1.08,1.052,0.162,0.869,1.88,4.77,2.01
"Josh Jung","3B",329.88,"exact_name_team","unique_name","TEX",521.4,17.6,4.3,56.7,62.9,0.248,-0.339,-0.151,-0.733,-1.455,-0.114,-0.333,-0.05,0.85,0.73,4.69,0.97
"Andrés Giménez","2B",330.15,"exact_name_team","unique_name","TOR",558,10.6,20.8,63.8,53.6,0.248,0.211,-1.434,1.002,-0.969,-1.5,-0.303,-0.389,0.842,-1.13,4.65,0.96
"Jac Caglianone","OF",213.77,"exact_name_team","unique_name","KCR",493.2,18.7,2.8,59.4,63,0.247,-1.051,0.204,-0.884,-0.443,0.276,-0.398,0.699,0.641,4.82,3.78,5.22
"Ernie Clement","2B, 3B, SS",286.42,"exact_name_team","unique_name","TOR",551,10.2,9.3,60.5,56.1,0.262,0.212,-1.474,-0.214,-1.37,-1.179,0.529,-0.614,0.626,-2.36,3.71,2.36
"Brendan Donovan","2B",268.27,"exact_name_team","unique_name","SEA",550.7,12.8,5.1,65.4,58.9,0.265,0.08,-1.069,-0.663,-0.58,-0.887,0.698,-0.334,0.536,-0.83,3.32,3
"Colt Keith","2B, 3B",303.5,"exact_name_team","unique_name","DET",485.4,14.6,3.5,61.1,54.5,0.259,-0.74,-0.479,-0.786,0.043,-0.583,0.368,0.433,0.528,3.37,3.29,1.79
"Tyler O'Neill","OF",410.27,"exact_name_team","unique_name","BAL",364.1,17.6,4.5,46.4,49.9,0.236,-2.22,1.108,-0.483,0.17,0.806,-1.029,1.585,0.512,9.67,3.22,-1.16
"Colson Montgomery","SS",221.23,"exact_name_team","unique_name","CHW",549.7,22,3,63.7,66.7,0.222,0.148,0.384,-0.893,-0.832,-0.073,-1.933,-0.711,0.508,-2.89,3.2,4.89
"Caleb Durbin","3B",233.73,"exact_name_team","unique_name","BOS",534.8,9.7,21.7,60.4,52.9,0.255,-0.285,-1.507,1.196,-1.084,-1.338,0.126,-0.296,0.504,-0.62,3.19,4.35
"Mark Vientos","3B",316.12,"exact_name_team","unique_name","NYM",450.3,19.2,1,52.5,60.4,0.24,-1.29,0.615,-1.097,-0.767,0.638,-0.796,0.533,0.417,3.92,2.81,1.39
"Ryan O'Hearn","1B, OF",272.54,"exact_name_team","unique_name","PIT",511.1,13.9,3.5,59.8,59.6,0.263,-0.464,-0.728,-0.81,-0.731,-0.348,0.622,-0.051,0.364,0.72,2.58,2.84
"Marcell Ozuna","UT",335.58,"exact_name_team","unique_name","PIT",518.1,20.4,0.6,60.6,66.1,0.243,-0.503,0.329,-1.157,-0.737,0.275,-0.65,-0.173,0.349,0.05,2.51,0.8
"Jordan Walker","OF",361.19,"exact_name_team","unique_name","STL",507.8,15.5,8.9,57.5,58.1,0.243,-0.501,-0.433,-0.17,-1.059,-0.472,-0.608,-0.338,0.33,-0.85,2.43,0.08
"Anthony Volpe","SS",350.08,"exact_name_team","unique_name","NYY",452.1,13.8,16.9,55,49.7,0.233,-1.173,-0.442,1.002,-0.326,-0.719,-1.255,0.336,0.305,2.84,2.32,0.39
"Nolan Arenado","3B",376.38,"exact_name_team","unique_name","ARI",550.9,15.2,2.7,58.4,65.2,0.249,0.147,-0.683,-0.926,-1.687,-0.242,-0.232,-0.935,0.286,-4.11,2.24,-0.32
"J.T. Realmuto","C",196,"exact_name_team","unique_name","PHI",473.8,14.6,7.1,55.7,56.2,0.251,-1.024,-0.404,-0.328,-0.695,-0.234,-0.132,0.182,0.225,2,1.97,6.07
"Jackson Holliday","2B",171.5,"exact_name_team","unique_name","BAL",488.6,13,13.4,64,51.7,0.252,-1.156,-0.768,0.417,0.482,-0.952,-0.093,0.568,0.22,4.11,1.96,7.38
"Harrison Bader","OF",326.42,"exact_name_team","unique_name","SFG",484.6,13.2,14.4,55.9,50.6,0.242,-0.716,-0.712,0.559,-0.875,-1.025,-0.658,-0.333,0.22,-0.82,1.95,1.08
"Samuel Basallo","C",171.96,"exact_name_team","unique_name","BAL",423.7,17.2,2.5,51.1,55.5,0.245,-1.746,0.434,-0.875,-0.415,0.471,-0.522,0.659,0.061,4.61,1.26,7.36
"Lane Thomas","OF",456.96,"exact_name_team","unique_name","KCR",404.3,12.3,15.9,49.8,45.2,0.237,-1.684,-0.447,1.12,-0.201,-0.612,-0.977,0.574,0.057,4.14,1.25,-2.22
"Lars Nootbaar","OF",423.65,"exact_name_team","unique_name","STL",515.3,16.2,6.5,63.6,56.3,0.244,-0.385,-0.358,-0.467,-0.184,-0.754,-0.546,-0.517,0.05,-1.83,1.22,-1.48
"Brandon Marsh","OF",372.85,"exact_name_team","unique_name","PHI",469.8,13,10.2,57.7,51.2,0.252,-1.003,-0.684,0.08,-0.231,-0.775,-0.101,-0.018,-0.02,0.9,0.91,-0.23
"Cedric Mullins","OF",306.58,"exact_name_team","unique_name","TBR",449.9,13.6,20.2,53.4,48.3,0.227,-1.214,-0.464,1.447,-0.585,-0.865,-1.611,-0.124,-0.038,0.32,0.83,1.69
"Jorge Soler","OF",435.96,"exact_name_team","unique_name","LAA",472.4,21.2,0.9,55.1,61.4,0.228,-0.896,0.815,-1.108,-0.767,0.409,-1.557,-0.414,-0.06,-1.26,0.74,-1.76
"Lourdes Gurriel Jr.","OF",423.77,"exact_name_team","unique_name","ARI",330.3,9.9,4.7,38.1,41.4,0.264,-1.976,-0.492,-0.363,-0.873,0.151,0.667,0.693,-0.118,4.79,0.49,-1.48
"Nolan Schanuel","1B",332.15,"exact_name_team","unique_name","LAA",597.9,11.8,6.3,70.7,56.8,0.26,0.579,-1.361,-0.59,-0.631,-1.561,0.436,-1.576,-0.138,-7.62,0.4,0.91
"Gabriel Moreno","C",176.04,"exact_name_team","unique_name","ARI",440.2,10.7,4,52.9,52.1,0.276,-1.354,-0.976,-0.672,-0.461,-0.247,1.382,0.341,-0.163,2.86,0.29,7.13
"Joey Ortiz","SS",447.5,"exact_name_team","unique_name","MIL",507.6,10.3,12.5,57,50.7,0.245,-0.047,-1.316,0.252,-1.15,-1.278,-0.512,-1.318,-0.265,-6.21,-0.15,-2.02
"Francisco Alvarez","C",175.08,"exact_name_team","unique_name","NYM",438,19.1,1.1,52.2,57.3,0.234,-1.441,0.697,-1.076,-0.546,0.449,-1.181,-0.099,-0.308,0.46,-0.33,7.18
"Andrew Benintendi","OF",429.5,"exact_name_team","unique_name","CHW",493.9,15.6,3.3,54.8,56.5,0.25,-0.671,-0.335,-0.821,-1.262,-0.469,-0.202,-1.002,-0.354,-4.48,-0.54,-1.61
"Max Muncy","3B",236.54,"exact_name_team","duplicate_name_needs_team","LAD",456.6,20.9,2.8,60,61,0.222,-1.422,0.881,-0.857,0.521,0.614,-1.88,0.227,-0.369,2.24,-0.6,4.23
"Isaac Paredes","3B",206.96,"exact_name_team","unique_name","HOU",489.4,18,1.1,61,59.2,0.241,-0.817,0.111,-1.09,-0.061,-0.102,-0.73,-0.469,-0.372,-1.57,-0.61,5.54
"TJ Friedl","OF",258.77,"exact_name_team","unique_name","CIN",576.8,13,11.6,69.8,51.6,0.24,0.398,-1.118,-0.02,-0.378,-1.87,-0.81,-1.886,-0.471,-9.32,-1.04,3.35
"Justin Crawford","OF",266,"exact_name_team","unique_name","PHI",408.9,5.9,21.8,48.8,36.7,0.265,-1.949,-1.825,1.93,-0.532,-1.851,0.74,0.092,-0.509,1.5,-1.21,3.08
"Sal Frelick","OF",208.69,"exact_name_team","unique_name","MIL",548.5,7.9,16.5,62.7,50.6,0.26,-0.387,-1.83,0.58,-0.969,-1.711,0.424,-1.281,-0.571,-6.01,-1.48,5.46
"Ryan Jeffers","C",261.35,"exact_name_team","unique_name","MIN",505.1,16,2.6,58.9,58.5,0.243,-0.558,-0.336,-0.918,-0.776,-0.387,-0.63,-1.173,-0.654,-5.42,-1.84,3.25
"Logan O'Hoppe","C",250.46,"exact_name_team","unique_name","LAA",451.1,19.1,2.8,49.3,55.4,0.233,-1.417,0.594,-0.847,-1.4,0.001,-1.245,-0.948,-0.674,-4.19,-1.92,3.67
"Evan Carter","OF",274.73,"exact_name_team","unique_name","TEX",424.9,10.8,16.7,53.2,43,0.239,-1.451,-0.874,1.118,-0.023,-1.212,-0.851,-0.392,-0.711,-1.14,-2.08,2.77
"Romy Gonzalez","1B, 2B",475.58,"exact_name_team","unique_name","BOS",289.7,9.3,8.2,36,35.8,0.265,-3.609,-0.294,0.478,-0.099,0.055,0.737,1.542,-0.71,9.44,-2.08,-2.61
"Jonathan India","OF, 3B, 2B",354.5,"exact_name_team","unique_name","KCR",524.9,12.5,6.3,63.4,54.6,0.249,-0.206,-1.016,-0.496,-0.407,-1.052,-0.276,-1.427,-0.758,-6.81,-2.28,0.27
"Jeff McNeil","2B, OF",348.69,"exact_name_team","unique_name","ATH",535.1,11.3,3.8,60.7,55.7,0.257,-0.07,-1.251,-0.802,-1.044,-1.045,0.204,-1.701,-0.774,-8.31,-2.36,0.43
"Brooks Lee","2B, 3B, SS",314.65,"exact_name_team","unique_name","MIN",548.7,13.7,4.1,57.7,59.7,0.245,-0.093,-0.908,-0.777,-1.764,-0.78,-0.525,-1.985,-0.786,-9.86,-2.41,1.44
"Brett Baty","2B, 3B",279.38,"exact_name_team","unique_name","NYM",447.1,16,3.9,51.6,53.1,0.243,-1.545,0.03,-0.695,-0.881,-0.219,-0.61,-0.716,-0.854,-2.92,-2.7,2.6
"Austin Wells","C",231.04,"exact_name_team","unique_name","NYY",446.4,17.9,4.4,51.9,55.5,0.226,-1.356,0.384,-0.636,-0.795,0.095,-1.681,-0.849,-0.87,-3.64,-2.77,4.46
"Joc Pederson","UT",573.08,"exact_name_team","unique_name","TEX",401.3,16.8,2.9,49.4,51.3,0.235,-1.77,0.548,-0.795,-0.199,0.29,-1.144,-0.292,-0.876,-0.6,-2.8,-4.44
"Connor Norby","3B",413.54,"exact_name_team","unique_name","MIA",437.6,12.4,7.7,48,49,0.242,-1.016,-0.621,-0.165,-1.378,-0.605,-0.677,-1.28,-0.905,-6,-2.92,-1.24
"Tommy Edman","2B, OF",349.73,"exact_name_team","unique_name","LAD",441.1,11.3,9.2,52.1,47.8,0.243,-1.231,-0.856,0.024,-0.641,-0.802,-0.642,-0.894,-0.969,-3.89,-3.2,0.4
"Jake Cronenworth","2B",427.92,"exact_name_team","unique_name","SDP",579.3,14.2,4.5,66.5,59.6,0.235,0.533,-0.958,-0.753,-0.928,-1.117,-1.133,-2.498,-1.015,-12.67,-3.4,-1.58
"Dominic Canzone","OF",335.96,"exact_name_team","unique_name","SEA",409.4,15.2,4.1,45.4,51.5,0.241,-1.885,0.137,-0.624,-1.266,0.17,-0.758,-0.679,-1.051,-2.72,-3.56,0.79
"Jake Meyers","OF",454.23,"exact_name_team","unique_name","HOU",461.6,10.2,12.4,53.6,46.1,0.25,-1.101,-1.167,0.385,-0.807,-1.286,-0.215,-1.222,-1.054,-5.69,-3.57,-2.16
"Nolan Gorman","3B, 2B",385.23,"exact_name_team","unique_name","STL",494.3,20,3.8,53.6,61.2,0.213,-0.642,0.416,-0.766,-1.478,0.061,-2.437,-1.917,-1.105,-9.49,-3.79,-0.55
"Jake McCarthy","OF",448.04,"exact_name_team","unique_name","COL",357.5,6.2,15,45.7,33.4,0.268,-2.548,-1.572,1.281,0.201,-1.644,0.913,0.162,-1.169,1.89,-4.07,-2.03
"Tyler Freeman","OF",529.38,"exact_name_team","unique_name","COL",348.1,5.8,14.2,44.1,33.6,0.279,-2.631,-1.643,1.199,0.098,-1.474,1.587,0.275,-1.175,2.5,-4.09,-3.66
"Victor Scott II","OF",317.54,"exact_name_team","unique_name","STL",507.1,7.4,32.8,55.7,38.5,0.223,-0.431,-1.807,2.583,-1.362,-2.629,-1.855,-2.468,-1.267,-12.51,-4.49,1.35
"Wenceel Pérez","OF",466.54,"exact_name_team","unique_name","DET",449.6,11.3,11.3,54.6,46.1,0.238,-1.311,-0.891,0.284,-0.357,-1.135,-0.909,-1.152,-1.274,-5.3,-4.52,-2.42
"Parker Meadows","OF",417.54,"exact_name_team","unique_name","DET",467.8,11.8,13.1,57.9,45.3,0.227,-0.844,-0.901,0.452,-0.138,-1.455,-1.604,-1.555,-1.275,-7.51,-4.53,-1.34
"Austin Hays","OF",349.73,"exact_name_team","unique_name","CHW",451.7,13.8,4.8,49.9,51.9,0.243,-1.303,-0.439,-0.587,-1.306,-0.44,-0.622,-1.405,-1.277,-6.69,-4.54,0.4
"José Caballero","OF, 2B, 3B, SS",204.12,"exact_name_team","unique_name","NYY",352.5,7,35,42.9,29.6,0.22,-2.82,-1.359,4.531,-0.331,-2.178,-2.011,-0.318,-1.366,-0.74,-4.92,5.68
"Trevor Larnach","OF",417.92,"exact_name_team","unique_name","MIN",445.3,13.5,4.1,52.2,50.3,0.246,-1.484,-0.443,-0.671,-0.721,-0.547,-0.441,-1.454,-1.646,-6.96,-6.14,-1.35
"Paul Goldschmidt","1B",449.38,"exact_name_team","unique_name","NYY",362.2,11.8,4.2,42.2,42.9,0.248,-2.227,-0.255,-0.529,-0.775,-0.241,-0.333,-0.856,-1.655,-3.69,-6.18,-2.06
"JJ Wetherholt","SS",234.58,"exact_name_team","unique_name","STL",486.9,10.7,9.6,53,48.4,0.247,-0.679,-1.178,-0.037,-1.445,-1.315,-0.366,-2.43,-1.687,-12.29,-6.31,4.31
"Brooks Baldwin","OF",506.92,"exact_name_team","unique_name","CHW",389.9,12.8,7.9,43,43.4,0.242,-2.196,-0.225,-0.002,-1.322,-0.643,-0.67,-1.308,-1.704,-6.16,-6.39,-3.24
"Mike Yastrzemski","OF",442.65,"exact_name_team","unique_name","ATL",439.7,15.2,4.5,53.4,51.7,0.229,-1.466,-0.077,-0.608,-0.348,-0.289,-1.509,-1.428,-1.717,-6.81,-6.44,-1.91
"Brady House","3B",493.46,"exact_name_team","unique_name","WSN",487.9,12.6,4.9,47.5,52.7,0.241,-0.752,-0.833,-0.62,-2.441,-0.823,-0.725,-2.717,-1.727,-13.87,-6.49,-2.97
"Dylan Beavers","OF",312.54,"exact_name_team","unique_name","BAL",403.6,11.2,11.3,50.2,43.4,0.24,-2.024,-0.67,0.451,-0.088,-0.856,-0.788,-0.944,-1.749,-4.16,-6.58,1.5
"Spencer Steer","1B",278.65,"exact_name_team","unique_name","CIN",428.3,13.7,7.3,50.1,49.3,0.236,-1.743,-0.317,-0.197,-0.743,-0.423,-1.042,-1.377,-1.765,-6.54,-6.65,2.63
"Gavin Sheets","OF",379.27,"exact_name_team","unique_name","SDP",468,14,2.4,50.9,54.3,0.24,-1.059,-0.485,-0.916,-1.459,-0.383,-0.822,-2.104,-1.771,-10.51,-6.68,-0.39
"Chase DeLauter","OF",294.23,"exact_name_team","unique_name","CLE",461.7,12.6,3.4,50,50.8,0.246,-1.028,-0.706,-0.781,-1.495,-0.713,-0.427,-2.199,-1.777,-11.03,-6.7,2.09
"Lenyn Sosa","1B, 2B",295.81,"exact_name_team","unique_name","CHW",412.9,13.4,2.2,42.2,48.2,0.249,-1.895,-0.276,-0.902,-2.015,-0.335,-0.258,-1.759,-1.804,-8.62,-6.82,2.04
"Jared Triolo","1B, 3B, SS",411.58,"exact_name_team","unique_name","PIT",507,9.3,13.3,56.5,47.3,0.241,-0.447,-1.493,0.348,-1.222,-1.652,-0.737,-2.673,-1.815,-13.63,-6.87,-1.2
"Christopher Morel","OF",543.77,"exact_name_team","unique_name","MIA",325.7,12.9,6.5,39.2,40.6,0.228,-2.742,0.356,-0.018,-0.451,0.104,-1.541,-0.59,-1.824,-2.23,-6.91,-3.93
"Bryce Eldridge","UT",364.42,"exact_name_team","unique_name","SFG",404.5,15.6,1.5,44.4,50.8,0.231,-1.798,0.27,-0.997,-1.36,0.166,-1.329,-1.646,-1.865,-8.01,-7.09,0
"Spencer Horwitz","1B",384.69,"exact_name_team","unique_name","PIT",483.2,10.9,2,55.2,52.5,0.257,-0.878,-1.127,-0.982,-0.972,-0.789,0.212,-2.213,-1.994,-11.11,-7.65,-0.53
"Marcelo Mayer","3B",369.12,"exact_name_team","unique_name","BOS",414.1,11.3,5.6,47.3,48.1,0.249,-2.091,-0.719,-0.408,-0.977,-0.371,-0.255,-1.288,-2.022,-6.05,-7.77,-0.13
"Zach McKinstry","3B, SS, OF",318.38,"exact_name_team","unique_name","DET",436.2,8.7,14.9,53,40.3,0.235,-1.38,-1.338,0.815,-0.353,-1.699,-1.09,-1.914,-2.028,-9.47,-7.79,1.32
"J.P. Crawford","SS",381.65,"exact_name_team","unique_name","SEA",598.1,10.7,5.2,65.3,55.7,0.24,0.558,-1.531,-0.704,-1.41,-1.664,-0.786,-3.732,-2.037,-19.42,-7.83,-0.46
"Kevin McGonigle","SS",280.08,"exact_name_team","unique_name","DET",333.3,9.7,6.8,40.4,37.9,0.253,-2.742,-0.55,-0.001,-0.375,-0.503,0,-0.746,-2.095,-3.08,-8.08,2.58
"Kyle Teel","C",184.35,"exact_name_team","unique_name","CHW",467.5,12.5,5.9,53.9,47.3,0.244,-1.161,-0.755,-0.469,-0.882,-1.215,-0.576,-2.448,-2.175,-12.39,-8.43,6.68
"Nick Castellanos","OF",356.73,"exact_name_team","unique_name","SDP",343.8,10.6,2.7,38.2,41.2,0.249,-2.367,-0.416,-0.756,-1.243,-0.166,-0.253,-1.361,-2.18,-6.45,-8.45,0.21
"Tyler Stephenson","C",248.77,"exact_name_team","unique_name","CIN",425,14.5,1.1,47.2,50,0.238,-1.484,-0.124,-1.076,-1.253,-0.28,-0.955,-2.21,-2.192,-11.09,-8.5,3.74
"Ke'Bryan Hayes","3B",489.54,"exact_name_team","unique_name","CIN",501.6,9.1,10.3,52.2,47.1,0.243,-0.648,-1.503,0.004,-1.866,-1.619,-0.611,-3.151,-2.223,-16.24,-8.64,-2.9
"Isaac Collins","OF",371.27,"exact_name_team","unique_name","KCR",414.6,7.9,14,51.9,40.2,0.243,-1.683,-1.418,0.787,-0.02,-1.448,-0.616,-1.682,-2.284,-8.2,-8.9,-0.19
"Bo Naylor","C",340.69,"exact_name_team","unique_name","CLE",449.1,15.9,5.2,50.9,51.4,0.218,-1.285,-0.007,-0.532,-1.063,-0.468,-2.149,-2.51,-2.291,-12.73,-8.93,0.66
"Josh Smith","1B, 3B, SS",328.12,"exact_name_team","unique_name","TEX",508.5,9.7,9.4,58.3,47.5,0.241,-0.566,-1.423,-0.112,-0.939,-1.65,-0.766,-3.042,-2.357,-15.64,-9.22,1.02
"Carter Jensen","C",190.5,"exact_name_team","unique_name","KCR",391.2,11.8,3.9,47.6,45,0.242,-2.133,-0.458,-0.627,-0.323,-0.435,-0.693,-1.471,-2.363,-7.05,-9.24,6.35
"Ha-Seong Kim","SS",384.92,"exact_name_team","unique_name","ATL",359.6,7.9,13.3,43.2,35.1,0.242,-2.11,-1.169,0.978,-0.46,-1.415,-0.667,-1.697,-2.386,-8.28,-9.34,-0.54
"Luis Rengifo","2B, 3B",376.42,"exact_name_team","unique_name","MIL",416.1,8.3,11.5,44.7,40.7,0.248,-1.738,-1.339,0.438,-1.571,-1.393,-0.301,-2.355,-2.409,-11.89,-9.44,-0.32
"Chase Meidroth","2B, SS",348.69,"exact_name_team","unique_name","CHW",531,6.5,11.6,60.1,41.6,0.252,-0.222,-2.011,0.092,-1.068,-2.487,-0.054,-3.654,-2.533,-18.99,-9.98,0.43
"Luisangel Acuña","2B",396.42,"exact_name_team","unique_name","CHW",344.3,4.6,18.3,36.8,28.8,0.25,-2.279,-1.905,1.917,-1.61,-2.189,-0.203,-2.246,-2.589,-11.29,-10.23,-0.83
"Cam Smith","OF",336.38,"exact_name_team","unique_name","HOU",426.5,10.5,6.1,50.2,44.1,0.241,-1.626,-0.951,-0.369,-0.67,-1.084,-0.721,-2.32,-2.61,-11.7,-10.31,0.78
"Jordan Lawlar","3B",341.69,"exact_name_team","unique_name","ARI",286.2,6.3,10.8,34.7,29.2,0.24,-2.606,-1.164,1.029,-0.354,-1.156,-0.817,-1.405,-2.619,-6.69,-10.35,0.63
"Brayan Rocchio","2B, SS",478.54,"exact_name_team","unique_name","CLE",471.4,8.5,12.1,50.7,43.9,0.236,-0.846,-1.515,0.318,-1.561,-1.656,-1.053,-3.351,-2.679,-17.34,-10.61,-2.67
"Garrett Mitchell","OF",520.5,"exact_name_team","unique_name","MIL",337.1,8.9,11.5,40.2,34,0.232,-2.341,-0.795,0.819,-0.536,-1.23,-1.281,-1.903,-2.68,-9.41,-10.62,-3.5
"Gabriel Arias","2B, SS",489.19,"exact_name_team","unique_name","CLE",435.7,11.5,9.1,46.6,45.5,0.23,-1.588,-0.783,0.03,-1.614,-1.025,-1.441,-2.828,-2.695,-14.47,-10.68,-2.89
"Alek Thomas","OF",545.96,"exact_name_team","unique_name","ARI",425.4,9.8,8,48.8,44.8,0.243,-2.07,-1.08,-0.096,-0.939,-0.984,-0.609,-2.086,-2.704,-10.41,-10.72,-3.96
"Dillon Dingler","C",237.38,"exact_name_team","unique_name","DET",416.2,12.3,1.3,45.2,47.4,0.243,-1.792,-0.527,-1.038,-1.477,-0.491,-0.628,-2.516,-2.714,-12.77,-10.76,4.2
"Carson Williams","SS",484.65,"exact_name_team","unique_name","TBR",376.8,12.5,10.5,43.7,41.3,0.212,-2.117,-0.2,0.446,-0.825,-0.737,-2.546,-2.25,-2.725,-11.31,-10.82,-2.8
"Matt Shaw","3B",284,"exact_name_team","unique_name","CHC",294.8,8.5,10.8,36.3,31.5,0.241,-3.466,-0.587,0.953,-0.194,-0.893,-0.727,-0.931,-2.763,-4.09,-10.98,2.44
"Rhys Hoskins","1B",495.96,"name_only_unique_fallback","unique_name","CLE",349.7,13.7,2.3,39.7,43.1,0.221,-2.069,0.316,-0.832,-1.044,0.037,-1.939,-2.356,-2.834,-11.89,-11.29,-3.02
"JJ Bleday","OF",567,"exact_name_team","unique_name","CIN",322.8,12.6,2.5,38,40,0.23,-2.725,0.307,-0.752,-0.668,0.066,-1.397,-1.694,-2.835,-8.27,-11.29,-4.34
"Colby Thomas","OF",590.77,"exact_name_team","unique_name","ATH",264.7,9.9,4.3,31.6,32.9,0.236,-3.678,0.17,-0.255,-0.536,0.083,-1.07,-0.875,-2.857,-3.79,-11.39,-4.74
"Zach Cole","OF",533.08,"exact_name_team","unique_name","HOU",366.8,12.1,9.7,43.8,40.3,0.21,-2.154,-0.231,0.366,-0.529,-0.723,-2.613,-2.231,-2.864,-11.21,-11.42,-3.73
"Kody Clemens","OF, 2B, 1B",389.77,"exact_name_team","unique_name","MIN",285.8,11.7,3.4,34.4,36.1,0.232,-3.712,0.48,-0.5,-0.426,0.212,-1.32,-0.965,-2.954,-4.28,-11.81,-0.66
"Yoán Moncada","3B",520.38,"exact_name_team","unique_name","LAA",365.6,11.9,1.2,41.3,42.5,0.239,-2.045,-0.271,-1.021,-1.093,-0.367,-0.887,-2.48,-2.974,-12.57,-11.89,-3.49
"Owen Caissie","OF",374.46,"exact_name_team","unique_name","MIA",416.8,12.4,4.3,47.3,46.6,0.237,-2.021,-0.498,-0.601,-1.039,-0.607,-1.022,-2.494,-2.975,-12.65,-11.9,-0.27
"Ryan McMahon","3B",425.81,"exact_name_team","unique_name","NYY",474.5,16.1,3.2,51.8,51.9,0.215,-1.008,-0.138,-0.814,-1.414,-0.747,-2.352,-3.626,-2.998,-18.84,-12,-1.53
"Nick Gonzales","2B",563.15,"exact_name_team","unique_name","PIT",399.6,7.5,2.6,45,42.2,0.259,-1.886,-1.452,-0.828,-1.11,-0.964,0.363,-2.505,-3.059,-12.7,-12.26,-4.27
"Miguel Andujar","3B, OF",443.31,"exact_name_team","unique_name","SDP",357.6,8.4,2.5,38.7,39.3,0.262,-2.576,-1.042,-0.811,-1.512,-0.725,0.534,-2.178,-3.06,-10.92,-12.27,-1.92
"Denzel Clarke","OF",457.54,"exact_name_team","unique_name","ATH",376.4,8.5,12.7,45.1,35.8,0.226,-2.146,-1.115,0.788,-0.488,-1.553,-1.637,-2.523,-3.154,-12.8,-12.67,-2.23
"Victor Robles","OF",369.96,"exact_name_team","unique_name","SEA",355.4,6.3,18.9,41.1,31.9,0.238,-2.746,-1.551,1.921,-0.863,-1.852,-0.907,-2.221,-3.212,-11.15,-12.92,-0.15
"Jake Fraley","OF",584.85,"exact_name_team","unique_name","TBR",359,7.8,12,39.5,35.2,0.239,-2.227,-1.191,0.776,-1.353,-1.387,-0.887,-2.794,-3.255,-14.29,-13.11,-4.64
"Pavin Smith","1B",509.54,"exact_name_team","unique_name","ARI",398.2,11.4,2.5,45.7,45,0.234,-1.713,-0.6,-0.841,-0.921,-0.539,-1.155,-2.904,-3.257,-14.89,-13.12,-3.29
"Kyle Isbel","OF",595.77,"exact_name_team","unique_name","KCR",441.3,7.3,9.3,50.3,38.9,0.238,-1.274,-1.645,0.044,-1.001,-1.938,-0.957,-3.54,-3.343,-18.37,-13.5,-4.82
"Christian Moore","2B",454.96,"exact_name_team","unique_name","LAA",427.7,12,7.3,47.3,43.1,0.224,-1.735,-0.647,-0.194,-1.286,-1.231,-1.769,-3.514,-3.486,-18.23,-14.11,-2.18
"Moisés Ballesteros","UT",361.58,"exact_name_team","unique_name","CHC",348.3,9.1,1,38.6,39.9,0.258,-2.686,-0.822,-1.046,-1.267,-0.463,0.298,-2.432,-3.517,-12.31,-14.25,0.07
"Victor Caratini","C",386.35,"exact_name_team","unique_name","MIN",364,10.1,1.3,39.3,40.3,0.25,-2.276,-0.678,-1.005,-1.524,-0.674,-0.185,-3.014,-3.547,-15.49,-14.38,-0.58
"Carson Benge","OF",338.92,"exact_name_team","unique_name","NYM",367.1,9.2,7,43.6,38.6,0.239,-2.552,-0.917,-0.071,-0.593,-0.995,-0.853,-2.503,-3.56,-12.7,-14.43,0.71
"Jake Bauers","OF, 1B",572.23,"exact_name_team","unique_name","MIL",312.6,11.6,8,36.1,37,0.214,-3.012,0.141,0.316,-0.86,-0.243,-2.398,-2.394,-3.62,-12.1,-14.7,-4.43
"Sean Murphy","C",418.35,"exact_name_team","unique_name","ATL",325.4,12.8,0.6,38,41,0.224,-2.739,0.336,-1.118,-0.743,0.185,-1.797,-2.473,-3.634,-12.53,-14.76,-1.36
"Will Benson","OF",586.23,"exact_name_team","unique_name","CIN",237,9,6.6,29.8,28,0.223,-4.03,0.209,0.432,0.011,-0.268,-1.832,-1.339,-3.645,-6.33,-14.8,-4.66
"Carson Kelly","C",318.85,"exact_name_team","unique_name","CHC",367.7,11.9,1.7,41,42.1,0.235,-2.365,-0.274,-0.939,-1.213,-0.455,-1.143,-3.039,-3.701,-15.63,-15.04,1.31
"Troy Johnston","OF",500.23,"exact_name_team","unique_name","COL",240,5.5,7.6,27.3,25.9,0.253,-3.815,-1.075,0.67,-1.028,-0.837,-0.002,-1.762,-3.748,-8.64,-15.25,-3.11
"Davis Schneider","2B, OF",581.31,"exact_name_team","unique_name","TOR",332.6,12.8,3.9,40.2,39.2,0.217,-2.791,0.257,-0.522,-0.387,-0.271,-2.226,-2.589,-3.77,-13.16,-15.34,-4.58
"Edgar Quero","C",330.12,"exact_name_team","unique_name","CHW",429.8,9,1.2,45.1,43.3,0.252,-1.487,-1.256,-1.062,-1.777,-1.228,-0.059,-3.994,-3.813,-20.86,-15.53,0.97
"Jeremiah Jackson","OF",575.62,"exact_name_team","unique_name","BAL",235.9,7.4,4.2,26.2,27.8,0.239,-3.824,-0.343,-0.157,-1.255,-0.277,-0.845,-1.998,-3.864,-9.93,-15.75,-4.48
"Michael Massey","2B",600.54,"exact_name_team","unique_name","KCR",315.5,8.9,2.5,33,36.4,0.245,-2.92,-0.627,-0.754,-1.804,-0.411,-0.511,-2.855,-3.867,-14.62,-15.77,-4.9
"Carlos Narváez","C",293.85,"exact_name_team","unique_name","BOS",415.5,12.1,2.9,44.4,45.9,0.227,-1.818,-0.556,-0.798,-1.615,-0.687,-1.574,-3.818,-3.915,-19.89,-15.97,2.11
"Edmundo Sosa","2B, 3B",562.42,"exact_name_team","unique_name","PHI",257.4,7.6,3.2,29.9,29.3,0.249,-3.769,-0.518,-0.478,-0.799,-0.497,-0.258,-1.949,-3.921,-9.66,-16,-4.26
"Jake Mangum","OF",385,"exact_name_team","unique_name","PIT",313.7,2.2,12.3,33.3,27.1,0.268,-2.979,-2.456,1.119,-1.674,-2.032,0.928,-2.839,-3.962,-14.54,-16.17,-0.54
"Starling Marte",,600.96,"fallback_max_adp","unique_name",,247.2,5.6,6.9,28.8,25.3,0.256,-3.784,-1.102,0.459,-0.776,-1.142,0.165,-2.018,-3.963,-10.04,-16.18,-4.91
"Gavin Lux","OF",483.54,"exact_name_team","unique_name","TBR",446.9,6.8,3.3,50.7,41.9,0.251,-1.37,-1.766,-0.777,-1.049,-1.628,-0.154,-3.972,-4,-20.73,-16.34,-2.78
"Edouard Julien","1B, 2B",504.42,"exact_name_team","unique_name","COL",361.4,9.3,4.3,42.3,36.9,0.241,-2.178,-0.849,-0.515,-0.741,-1.164,-0.737,-3.382,-4.002,-17.51,-16.35,-3.19
"Rowdy Tellez","1B",593.42,"name_only_unique_fallback","unique_name",,280.4,12.1,0.9,30.3,36.6,0.227,-3.752,0.665,-1.025,-1.505,0.437,-1.597,-2.467,-4.103,-12.5,-16.79,-4.78
"Jonny DeLuca","OF",599.04,"exact_name_team","unique_name","TBR",279.1,7.3,9.2,31.7,28.8,0.231,-3.387,-0.811,0.748,-1.03,-1.092,-1.36,-2.675,-4.133,-13.64,-16.92,-4.87
"Luke Raley","1B, OF",571.27,"exact_name_team","unique_name","SEA",268.4,9.3,4.6,31.4,30.8,0.224,-3.229,-0.078,-0.19,-0.744,-0.443,-1.804,-2.699,-4.137,-13.77,-16.93,-4.41
"Joey Loperfido","OF",573.35,"exact_name_team","unique_name","HOU",345.2,8.2,6.6,37.9,34.8,0.233,-2.415,-1.009,-0.083,-1.354,-1.224,-1.235,-3.555,-4.161,-18.45,-17.04,-4.44
"Freddy Fermin","C",383.96,"exact_name_team","unique_name","SDP",422.6,9.2,2.8,42.7,40.7,0.238,-1.455,-1.196,-0.829,-2.131,-1.486,-0.957,-4.673,-4.208,-24.57,-17.24,-0.52
"Heriberto Hernández","OF",592.69,"exact_name_team","unique_name","MIA",344,11.3,3,38.5,39.4,0.225,-2.71,-0.222,-0.691,-1.171,-0.453,-1.737,-3.429,-4.353,-17.76,-17.87,-4.77
"George Valera","UT",600.81,"exact_name_team","unique_name","CLE",357.8,11.6,2.3,40.5,38.9,0.223,-2.44,-0.27,-0.832,-1.069,-0.781,-1.827,-3.723,-4.364,-19.37,-17.92,-4.9
"Amed Rosario","3B",596.77,"exact_name_team","unique_name","NYY",254,4.6,5.4,28.8,26.1,0.263,-3.859,-1.499,0.05,-1.062,-1.124,0.565,-2.376,-4.423,-12,-18.18,-4.84
"Ezequiel Duran","1B, SS",600.46,"exact_name_team","unique_name","TEX",285.5,6.3,8.5,31,28.6,0.239,-3.385,-1.179,0.558,-1.467,-1.266,-0.853,-3.147,-4.503,-16.22,-18.52,-4.9
"Max Muncy","2B, 3B",499.85,"exact_name_team","duplicate_name_needs_team","ATH",334.4,9.7,3.7,36.4,36.5,0.233,-2.992,-0.566,-0.566,-1.449,-0.763,-1.207,-3.506,-4.544,-18.18,-18.7,-3.1
"Nasim Nuñez","SS",421.65,"exact_name_team","unique_name","WSN",319,4,24.1,33,23.1,0.227,-2.911,-1.989,3.209,-1.929,-2.834,-1.595,-4.076,-4.559,-21.3,-18.76,-1.43
"Javier Báez","3B, SS, OF",418.77,"exact_name_team","unique_name","DET",330.2,8.2,4.9,33.9,34.8,0.232,-2.675,-0.913,-0.33,-1.99,-0.979,-1.289,-3.944,-4.574,-20.58,-18.83,-1.37
"Dane Myers",,600.96,"fallback_max_adp","unique_name","CIN",230.4,6,8.1,25.1,23.7,0.242,-4.09,-0.829,0.869,-1.42,-1.115,-0.685,-2.751,-4.602,-14.06,-18.95,-4.91
"Nathan Lukes","OF",526.23,"exact_name_team","unique_name","TOR",321.6,6.1,3.2,36.3,32.4,0.259,-3.12,-1.426,-0.622,-1.1,-1.234,0.341,-3.444,-4.837,-17.85,-19.97,-3.6
"Otto Kemp",,600.96,"fallback_max_adp","unique_name","PHI",238.1,7,4.3,28.1,26.7,0.234,-3.835,-0.516,-0.148,-0.638,-0.591,-1.177,-2.831,-4.875,-14.49,-20.13,-4.91
"CJ Kayfus","OF",530.31,"exact_name_team","unique_name","CLE",398.4,11.1,4,46.1,42.7,0.234,-3.104,-0.672,-0.613,-0.837,-0.875,-1.164,-3.542,-4.891,-18.38,-20.2,-3.68
"Patrick Bailey","C",405.65,"exact_name_team","unique_name","SFG",487.3,9.8,2.1,48,46.1,0.221,-0.818,-1.329,-0.961,-2.351,-1.581,-1.98,-5.93,-4.902,-31.45,-20.25,-1.05
"Cole Young","2B",563.12,"exact_name_team","unique_name","SEA",375.2,7.4,5.7,42.1,36.4,0.237,-2.282,-1.375,-0.303,-1.152,-1.437,-0.985,-4.299,-4.925,-22.52,-20.35,-4.27
"Jhostynxon Garcia","OF",551.92,"exact_name_team","unique_name","PIT",264.1,7.7,3.1,29.2,29,0.232,-3.402,-0.546,-0.508,-1.289,-0.735,-1.31,-3.542,-4.961,-18.38,-20.51,-4.07
"Ramón Urías","2B, 3B",600.12,"exact_name_team","unique_name","STL",253.8,6.8,1.6,27.4,28,0.244,-3.296,-0.74,-0.845,-1.508,-0.697,-0.584,-3.706,-5.047,-19.28,-20.88,-4.89
"Austin Martin","OF",543,"exact_name_team","unique_name","MIN",334.1,3.6,11.8,38.6,27.4,0.251,-2.693,-2.129,0.89,-0.85,-2.293,-0.121,-4.062,-5.051,-21.23,-20.9,-3.91
"Griffin Conine","OF",579.73,"exact_name_team","unique_name","MIA",346,11.3,1.1,36.8,39.5,0.22,-2.625,-0.239,-1.035,-1.668,-0.485,-2.052,-4.395,-5.06,-23.05,-20.94,-4.55
"Tyrone Taylor",,600.96,"fallback_max_adp","unique_name","NYM",278.1,6.5,7.6,31.2,28,0.23,-3.501,-1.041,0.415,-1.15,-1.23,-1.437,-3.568,-5.097,-18.52,-21.1,-4.91
"José Tena",,600.96,"fallback_max_adp","unique_name","WSN",267.4,5,7.9,27.7,25.4,0.244,-3.319,-1.453,0.535,-1.902,-1.555,-0.536,-3.985,-5.11,-20.81,-21.15,-4.91
"Javier Sanoja","2B, 3B, OF",547.31,"exact_name_team","unique_name","MIA",240,3.6,6.4,27,23.4,0.262,-4.117,-1.758,0.366,-1.116,-1.413,0.527,-2.936,-5.14,-15.06,-21.28,-3.99
"Sam Haggerty",,600.96,"fallback_max_adp","unique_name","TEX",210.8,3.1,10.9,25.5,17.9,0.241,-4.064,-1.805,1.852,-0.377,-2.134,-0.72,-2.978,-5.148,-15.29,-21.32,-4.91
"Rob Refsnyder","OF",598.54,"exact_name_team","unique_name","SEA",234,7.2,2.7,27.4,26.7,0.238,-3.878,-0.398,-0.537,-0.714,-0.479,-0.93,-3.139,-5.19,-16.18,-21.5,-4.87
"Mauricio Dubón","2B, 3B, SS, OF",439.77,"exact_name_team","unique_name","ATL",338.3,5.1,3,35.4,32.7,0.255,-2.753,-1.768,-0.691,-1.818,-1.461,0.135,-4.336,-5.208,-22.73,-21.58,-1.85
"Danny Jansen","C",447.08,"exact_name_team","unique_name","TEX",332.9,11.8,0.9,36.9,37.8,0.214,-2.664,0.001,-1.072,-1.275,-0.511,-2.378,-4.465,-5.211,-23.43,-21.59,-2.01
"Jacob Young","OF",574.62,"exact_name_team","unique_name","WSN",325.1,2.2,17.2,33.9,22.5,0.244,-2.659,-2.477,1.915,-1.833,-3.009,-0.548,-4.786,-5.217,-25.19,-21.62,-4.47
"Kyle Higashioka","C",479.81,"exact_name_team","unique_name","TEX",269.9,9.7,2,27.8,32.1,0.222,-3.634,0.048,-0.781,-1.969,-0.218,-1.909,-3.965,-5.297,-20.69,-21.96,-2.7
"Casey Schmitt","2B, 3B",569.46,"exact_name_team","unique_name","SFG",287.9,9.1,1.7,31.1,32.6,0.238,-3.775,-0.354,-0.878,-1.512,-0.541,-0.91,-3.689,-5.319,-19.18,-22.06,-4.38
"Everson Pereira",,600.96,"fallback_max_adp","unique_name","CHW",219,7.8,3.9,24.6,24.7,0.224,-4.263,0.009,-0.166,-1.16,-0.555,-1.783,-3.404,-5.405,-17.63,-22.43,-4.91
"Jesse Winker",,600.96,"fallback_max_adp","unique_name",,277.3,7.5,4.1,32.6,29.2,0.234,-3.291,-0.724,-0.338,-0.675,-0.988,-1.177,-3.908,-5.435,-20.38,-22.56,-4.91
"Keibert Ruiz","C",385.35,"exact_name_team","unique_name","WSN",334.5,7.4,1.7,31,35.8,0.244,-2.746,-1.154,-0.912,-2.85,-0.877,-0.548,-4.968,-5.456,-26.18,-22.65,-0.55
"Andrés Chaparro",,600.96,"fallback_max_adp","unique_name","WSN",269.2,9.2,1.1,27.8,32.5,0.231,-3.733,-0.128,-0.984,-1.93,-0.123,-1.355,-4.007,-5.533,-20.93,-22.99,-4.91
"Graham Pauley","3B",589.15,"exact_name_team","unique_name","MIA",317.3,8.7,4.2,33.4,34.3,0.229,-3.203,-0.707,-0.418,-1.746,-0.82,-1.496,-4.445,-5.563,-23.32,-23.12,-4.71
"Vaughn Grissom","2B",583.92,"exact_name_team","unique_name","LAA",315.4,6.3,5.5,33.6,30.2,0.249,-3.407,-1.357,-0.181,-1.657,-1.507,-0.234,-4.363,-5.633,-22.88,-23.42,-4.62
"Matt Vierling","OF",593.46,"exact_name_team","unique_name","DET",246.1,6.2,3.1,28,25.2,0.243,-3.896,-0.904,-0.466,-1.009,-1.146,-0.605,-3.878,-5.749,-20.22,-23.92,-4.78
"Sung-Mun Song","3B",530.85,"exact_name_team","unique_name","SDP",255.3,5.5,5,26.9,25.4,0.237,-3.425,-1.222,-0.04,-1.743,-1.295,-0.97,-4.473,-5.76,-23.48,-23.97,-3.69
"Tommy Pham","OF",593.19,"name_only_unique_fallback","unique_name",,316.4,7.6,5.4,35.4,32.3,0.238,-3.644,-1.001,-0.207,-1.183,-1.165,-0.914,-4.122,-5.761,-21.55,-23.97,-4.78
"Carlos Santana","1B",563.65,"exact_name_team","unique_name","ARI",339.3,9.1,3.2,35.2,36.3,0.221,-2.649,-0.747,-0.651,-1.89,-0.882,-1.952,-5.155,-5.781,-27.21,-24.06,-4.28
"Andrew McCutchen","UT",595.88,"name_only_unique_fallback","unique_name",,301.9,8.8,1.8,33.5,32.2,0.229,-3.111,-0.558,-0.866,-1.249,-0.898,-1.471,-4.653,-5.801,-24.46,-24.15,-4.82
"Blaze Alexander","3B",513.35,"exact_name_team","unique_name","BAL",334.7,8.4,6.3,37.7,32.7,0.222,-3.112,-0.902,-0.099,-1.125,-1.409,-1.912,-4.737,-5.854,-24.92,-24.38,-3.36
"Braxton Fulford","C",599.46,"exact_name_team","unique_name","COL",210.6,6,2.8,24,23.3,0.239,-4.31,-0.63,-0.432,-0.987,-0.678,-0.868,-3.598,-5.884,-18.69,-24.51,-4.88
"Henry Davis","C",535.77,"exact_name_team","unique_name","PIT",283.8,8.2,4.3,30.7,29.9,0.222,-3.404,-0.58,-0.316,-1.518,-0.974,-1.881,-4.697,-5.948,-24.7,-24.79,-3.78
"Joey Bart","C",475.88,"exact_name_team","unique_name","PIT",316.4,8.1,1.2,34.5,33.2,0.237,-3.123,-0.854,-0.991,-1.437,-1.007,-1.007,-4.864,-6.014,-25.61,-25.07,-2.62
"Taylor Walls","SS",596.85,"exact_name_team","unique_name","TBR",332.1,5.7,15.2,35.6,28.5,0.215,-3.082,-1.591,1.488,-1.58,-2.07,-2.358,-5.228,-6.135,-27.61,-25.6,-4.84
"Thomas Saggese","2B, SS",550.23,"exact_name_team","unique_name","STL",281.4,6,3.2,29.1,28.4,0.244,-3.744,-1.229,-0.55,-1.916,-1.228,-0.577,-4.852,-6.348,-25.55,-26.52,-4.04
"Miguel Amaya","C",428.81,"exact_name_team","unique_name","CHC",281,7.2,1,29.8,30.2,0.232,-3.37,-0.854,-1.009,-1.676,-0.849,-1.289,-5.097,-6.411,-26.89,-26.8,-1.6
"Colt Emerson","SS",430.65,"exact_name_team","unique_name","SEA",287.3,5.6,4.7,30.6,27.9,0.232,-3.162,-1.382,-0.234,-1.645,-1.439,-1.273,-5.32,-6.441,-28.11,-26.92,-1.64
"Pedro Pagés","C",511.65,"exact_name_team","unique_name","STL",328.6,8.5,0.9,31.8,34,0.224,-2.766,-0.829,-1.07,-2.499,-1.073,-1.77,-6.003,-6.442,-31.85,-26.93,-3.33
"Abimelec Ortiz","1B",566.5,"exact_name_team","unique_name","WSN",201.7,7.1,0.7,21.5,23.4,0.226,-4.255,-0.048,-1.008,-1.64,-0.387,-1.689,-4.543,-6.446,-23.86,-26.95,-4.33
"Angel Martínez","2B, OF",574.35,"exact_name_team","unique_name","CLE",275.2,5.8,4.5,29.3,27,0.234,-3.64,-1.238,-0.238,-1.656,-1.381,-1.198,-5.049,-6.505,-26.63,-27.2,-4.46
"Connor Wong","C",586.81,"exact_name_team","unique_name","BOS",220.8,5.1,3.5,23.6,22.3,0.238,-4.091,-1.082,-0.267,-1.627,-1.223,-0.917,-4.782,-6.604,-25.17,-27.63,-4.67
"Luis Campusano","UT",596.08,"exact_name_team","unique_name","SDP",271.2,7.5,0.4,28.6,29.6,0.236,-3.769,-0.69,-1.139,-1.74,-0.759,-1.039,-5.063,-6.637,-26.7,-27.78,-4.83
"Kyle Karros","3B",592.12,"exact_name_team","unique_name","COL",224.7,4.1,1.5,24.6,22.8,0.259,-4.165,-1.496,-0.811,-1.381,-1.199,0.322,-4.695,-6.827,-24.69,-28.6,-4.76
"David Fry","UT",587.46,"exact_name_team","unique_name","CLE",230.3,7.3,2.2,24.7,26.2,0.224,-4.326,-0.341,-0.657,-1.588,-0.506,-1.8,-4.819,-6.855,-25.37,-28.72,-4.68
"Robert Hassell III","OF",590.73,"exact_name_team","unique_name","WSN",254.3,4.8,5.7,24.9,23.4,0.24,-3.867,-1.449,0.121,-2.382,-1.72,-0.82,-5.695,-6.993,-30.16,-29.32,-4.74
"Travis d'Arnaud",,600.96,"fallback_max_adp","unique_name","LAA",228.3,7.7,0.8,22.9,26,0.221,-4.126,-0.156,-1.019,-2.208,-0.487,-1.95,-5.417,-7.005,-28.64,-29.37,-4.91
"Jose Trevino","C",593.46,"exact_name_team","unique_name","CIN",265.1,6.4,0.8,25.4,27.2,0.237,-3.631,-0.996,-1.034,-2.569,-1.129,-0.971,-5.949,-7.067,-31.55,-29.64,-4.78
"Luis Torrens","C",599,"exact_name_team","unique_name","NYM",223.4,5.7,1.1,23.2,24.1,0.235,-4.126,-0.884,-0.916,-1.889,-0.831,-1.084,-5.255,-7.09,-27.76,-29.74,-4.87
"Joe Mack","C",468.31,"exact_name_team","unique_name","MIA",236.8,6.9,1.9,23.8,25.5,0.219,-3.845,-0.536,-0.737,-2.176,-0.835,-2.101,-5.813,-7.195,-30.81,-30.19,-2.46
"Harry Ford","C",390.58,"exact_name_team","unique_name","WSN",292.5,6.3,5.9,31.4,28,0.228,-3.684,-1.212,-0.021,-1.566,-1.523,-1.542,-5.817,-7.275,-30.83,-30.54,-0.68
"Nick Fortes","C",577.96,"exact_name_team","unique_name","TBR",308.2,6.6,2.2,29.7,29.3,0.225,-3.103,-1.214,-0.794,-2.525,-1.547,-1.709,-6.795,-7.435,-36.18,-31.23,-4.52
"Blake Perkins",,600.96,"fallback_max_adp","unique_name","MIL",224.8,4,7.8,24.2,20.1,0.219,-4.043,-1.517,0.838,-1.533,-1.857,-2.079,-5.925,-7.649,-31.42,-32.16,-4.91
"Ben Williamson","3B",597.58,"exact_name_team","unique_name","TBR",223.1,2.5,4,23.1,19.6,0.25,-4.075,-2.1,-0.144,-1.893,-1.948,-0.179,-5.95,-7.74,-31.56,-32.55,-4.85
"Justyn-Henry Malloy",,600.96,"fallback_max_adp","unique_name","TBR",207.4,5.3,1.3,23.3,21.7,0.23,-4.241,-0.88,-0.859,-1.156,-1.025,-1.418,-5.835,-7.956,-30.93,-33.49,-4.91
"Daniel Schneemann","2B, 3B, OF",596.42,"exact_name_team","unique_name","CLE",221.5,5.3,4.4,23.3,21.7,0.217,-4.332,-1.012,-0.038,-1.746,-1.39,-2.203,-6.3,-8.17,-33.47,-34.42,-4.83
"Bryce Teodosio",,600.96,"fallback_max_adp","unique_name","LAA",217.6,3,9.2,22.3,16.6,0.21,-3.887,-1.874,1.295,-2.016,-2.597,-2.66,-6.978,-8.233,-37.18,-34.69,-4.91
"Liam Hicks","1B, C",498.92,"exact_name_team","unique_name","MIA",323.9,4.2,1.4,32.2,28.5,0.241,-3.04,-1.951,-0.956,-2.254,-1.944,-0.739,-7.623,-8.425,-40.71,-35.53,-3.08
"Travis Bazzana","2B",452.62,"exact_name_team","unique_name","CLE",213.8,4.6,3.5,23.3,19.7,0.213,-4.159,-1.221,-0.248,-1.433,-1.718,-2.446,-7.127,-8.926,-38,-37.7,-2.13
"Hunter Feduccia","C",598.65,"exact_name_team","unique_name","TBR",256.1,4.6,1,25.8,23.7,0.214,-3.717,-1.534,-0.998,-2.163,-1.694,-2.372,-8.494,-9.8,-45.48,-41.49,-4.87
