"Player","Position(s)","ADP","ADP Rank","Eno Rank","CK Rank","DS Rank","","","","","","","","","","","","","","","","","","",""
"Ohtani, Shohei","UT, P","1.17","1","22","","","","","","","","","","","","","","","","","","","","",""
"Skubal, Tarik","P","7.2","2","1","1","1","","","","","","","","","","","","","","","","","","",""
"Skenes, Paul","P","11.02","3","2","2","3","","","","","","","","","","","","","","","","","","",""
"Crochet, Garrett","P","12.1","4","3","3","2","","","","","","","","","","","","","","","","","","",""
"Yamamoto, Yoshinobu","P","27.17","5","4","11","7","","","","","","","","","","","","","","","","","","",""
"Sanchez, Cristopher","P","29.8","6","5","6","6","","","","","","","","","","","","","","","","","","",""
"Gilbert, Logan","P","37.1","7","8","4","4","","","","","","","","","","","","","","","","","","",""
"Woo, Bryan","P","38.54","8","9","14","12","","","","","","","","","","","","","","","","","","",""
"Brown, Hunter","P","39.37","9","6","5","5","","","","","","","","","","","","","","","","","","",""
"Sale, Chris","P","43.17","10","10","10","11","","","","","","","","","","","","","","","","","","",""
"Greene, Hunter","P","48.51","11","11","9","8","","","","","","","","","","","","","","","","","","",""
"deGrom, Jacob","P","50.24","12","13","23","23","","","","","","","","","","","","","","","","","","",""
"Ragans, Cole","P","50.95","13","12","8","10","","","","","","","","","","","","","","","","","","",""
"Fried, Max","P","55.41","14","7","7","9","","","","","","","","","","","","","","","","","","",""
"Peralta, Freddy","P","59.9","15","21","13","14","","","","","","","","","","","","","","","","","","",""
"Webb, Logan","P","62.15","16","15","12","13","","","","","","","","","","","","","","","","","","",""
"Kirby, George","P","69.07","17","14","16","16","","","","","","","","","","","","","","","","","","",""
"Ryan, Joe","P","71.95","18","20","18","18","","","","","","","","","","","","","","","","","","",""
"Bradish, Kyle","P","73.05","19","19","27","29","","","","","","","","","","","","","","","","","","",""
"Luzardo, Jesus","P","80.46","20","33","19","19","","","","","","","","","","","","","","","","","","",""
"Cease, Dylan","P","80.66","21","27","15","15","","","","","","","","","","","","","","","","","","",""
"Perez, Eury","P","88.78","22","18","22","21","","","","","","","","","","","","","","","","","","",""
"Valdez, Framber","P","91.56","23","16","17","17","","","","","","","","","","","","","","","","","","",""
"Pivetta, Nick","P","96.83","24","37","30","30","","","","","","","","","","","","","","","","","","",""
"McLean, Nolan","P","97.85","25","28","21","22","","","","","","","","","","","","","","","","","","",""
"Snell, Blake","P","104.22","26","23","20","20","","","","","","","","","","","","","","","","","","",""
"Strider, Spencer","P","104.85","27","44","32","32","","","","","","","","","","","","","","","","","","",""
"Burns, Chase","P","109.98","28","26","24","24","","","","","","","","","","","","","","","","","","",""
"Woodruff, Brandon","P","117.39","29","49","","","","","","","","","","","","","","","","","","","","",""
"Gausman, Kevin","P","123.88","30","43","","","","","","","","","","","","","","","","","","","","",""
"Wheeler, Zack","P","125.54","31","39","33","33","","","","","","","","","","","","","","","","","","",""
"Glasnow, Tyler","P","127.24","32","24","31","31","","","","","","","","","","","","","","","","","","",""
"Schlittler, Cam","P","129.24","33","35","26","27","","","","","","","","","","","","","","","","","","",""
"King, Michael","P","130.17","34","34","","","","","","","","","","","","","","","","","","","","",""
"Misiorowski, Jacob","P","131.66","35","29","25","25","","","","","","","","","","","","","","","","","","",""
"Gray, Sonny","P","133.32","36","45","","","","","","","","","","","","","","","","","","","","",""
"Pepiot, Ryan","P","135.2","37","32","","","","","","","","","","","","","","","","","","","","",""
"Lodolo, Nick","P","136.24","38","38","","","","","","","","","","","","","","","","","","","","",""
"Sheehan, Emmet","P","136.44","39","30","28","26","","","","","","","","","","","","","","","","","","",""
"Lopez, Pablo","P","142.39","40","42","","","","","","","","","","","","","","","","","","","","",""
"Williams, Gavin","P","148.2","41","46","","","","","","","","","","","","","","","","","","","","",""
"Yesavage, Trey","P","153.1","42","31","29","28","","","","","","","","","","","","","","","","","","",""
"Eovaldi, Nathan","P","156.46","43","36","","","","","","","","","","","","","","","","","","","","",""
"Alcantara, Sandy","P","157.2","44","54","","","","","","","","","","","","","","","","","","","","",""
"Chandler, Bubba","P","157.27","45","50","","","","","","","","","","","","","","","","","","","","",""
"Rasmussen, Drew","P","160.41","46","25","","","","","","","","","","","","","","","","","","","","",""
"Ray, Robbie","P","165.76","47","55","","","","","","","","","","","","","","","","","","","","",""
"Castillo, Luis","P","171.05","48","47","","","","","","","","","","","","","","","","","","","","",""
"Rogers, Trevor","P","173.24","49","65","","","","","","","","","","","","","","","","","","","","",""
"Imai, Tatsuya","P","175.8","50","41","","","","","","","","","","","","","","","","","","","","",""
"Gore, MacKenzie","P","178.44","51","76","","","","","","","","","","","","","","","","","","","","",""
"Imanaga, Shota","P","180.49","52","69","","","","","","","","","","","","","","","","","","","","",""
"Schwellenbach, Spencer","P","181.34","53","17","","","","","","","","","","","","","","","","","","","","",""
"Suarez, Ranger","P","182.51","54","57","","","","","","","","","","","","","","","","","","","","",""
"Cabrera, Edward","P","190.1","55","40","","","","","","","","","","","","","","","","","","","","",""
"Bibee, Tanner","P","191.15","56","48","","","","","","","","","","","","","","","","","","","","",""
"Horton, Cade","P","194.88","57","51","","","","","","","","","","","","","","","","","","","","",""
"Rodon, Carlos","P","200.95","58","53","","","","","","","","","","","","","","","","","","","","",""
"Baz, Shane","P","207.07","59","","","","","","","","","","","","","","","","","","","","","",""
"Nola, Aaron","P","211.59","60","","","","","","","","","","","","","","","","","","","","","",""
"Bieber, Shane","P","214.76","61","","","","","","","","","","","","","","","","","","","","","",""
"Bubic, Kris","P","216.32","63","","","","","","","","","","","","","","","","","","","","","",""
"Abbott, Andrew","P","217.15","64","","","","","","","","","","","","","","","","","","","","","",""
"Flaherty, Jack","P","224.37","65","","","","","","","","","","","","","","","","","","","","","",""
"McClanahan, Shane","P","228.17","66","","","","","","","","","","","","","","","","","","","","","",""
"Gallen, Zac","P","228.54","67","","","","","","","","","","","","","","","","","","","","","",""
"Musgrove, Joe","P","232.07","68","","","","","","","","","","","","","","","","","","","","","",""
"Miller, Bryce","P","233.2","69","","","","","","","","","","","","","","","","","","","","","",""
"Boyd, Matthew","P","234.44","70","","","","","","","","","","","","","","","","","","","","","",""
"Kelly, Merrill","P","236.68","71","","","","","","","","","","","","","","","","","","","","","",""
"Sasaki, Roki","P","244.39","72","","","","","","","","","","","","","","","","","","","","","",""
"Abreu, Bryan","P","247.22","73","","","","","","","","","","","","","","","","","","","","","",""
"Leiter, Jack","P","249.17","74","","","","","","","","","","","","","","","","","","","","","",""
"Early, Connelly","P","255.78","76","","","","","","","","","","","","","","","","","","","","","",""
"Smith, Shane","P","258.83","77","","","","","","","","","","","","","","","","","","","","","",""
"Waldrep, Hurston","P","260.83","78","","","","","","","","","","","","","","","","","","","","","",""
"O'Brien, Riley","P","261.93","79","","","","","","","","","","","","","","","","","","","","","",""
"Nelson, Ryne","P","266.73","80","","","","","","","","","","","","","","","","","","","","","",""
"Garcia, Robert","P","267.73","81","","","","","","","","","","","","","","","","","","","","","",""
"Weathers, Ryan","P","268.56","82","","","","","","","","","","","","","","","","","","","","","",""
"Cameron, Noah","P","270.27","83","","","","","","","","","","","","","","","","","","","","","",""
"Henderson, Logan","P","270.73","84","","","","","","","","","","","","","","","","","","","","","",""
"Cantillo, Joey","P","276.51","85","","","","","","","","","","","","","","","","","","","","","",""
"Priester, Quinn","P","276.63","86","","","","","","","","","","","","","","","","","","","","","",""
"Mize, Casey","P","276.95","87","","","","","","","","","","","","","","","","","","","","","",""
"Ashcraft, Braxton","P","278.44","88","","","","","","","","","","","","","","","","","","","","","",""
"Cole, Gerrit","P","279","89","","","","","","","","","","","","","","","","","","","","","",""
"Rodriguez, Grayson","P","281.61","90","","","","","","","","","","","","","","","","","","","","","",""
"Senga, Kodai","P","283.2","91","","","","","","","","","","","","","","","","","","","","","",""
"Ponce, Cody","P","289.61","92","","","","","","","","","","","","","","","","","","","","","",""
"Burrows, Mike","P","292.22","93","","","","","","","","","","","","","","","","","","","","","",""
"Manaea, Sean","P","302.29","94","","","","","","","","","","","","","","","","","","","","","",""
"Messick, Parker","P","306.34","95","","","","","","","","","","","","","","","","","","","","","",""
"Matthews, Zebby","P","309.46","96","","","","","","","","","","","","","","","","","","","","","",""
"Snelling, Robby","P","313.27","97","","","","","","","","","","","","","","","","","","","","","",""
"Ober, Bailey","P","319.66","98","","","","","","","","","","","","","","","","","","","","","",""
"Singer, Brady","P","322.27","99","","","","","","","","","","","","","","","","","","","","","",""
"Seymour, Ian","P","323.56","100","","","","","","","","","","","","","","","","","","","","","",""
"Mahle, Tyler","P","328.07","101","","","","","","","","","","","","","","","","","","","","","",""
"Painter, Andrew","P","329.56","102","","","","","","","","","","","","","","","","","","","","","",""
"Patrick, Chad","P","336.12","103","","","","","","","","","","","","","","","","","","","","","",""
"Beeter, Clayton","P","338.54","104","","","","","","","","","","","","","","","","","","","","","",""
"Yates, Kirby","P","341.88","105","","","","","","","","","","","","","","","","","","","","","",""
"Soriano, Jose","P","344.07","106","","","","","","","","","","","","","","","","","","","","","",""
"Melton, Troy","P","347.76","107","","","","","","","","","","","","","","","","","","","","","",""
"Taillon, Jameson","P","350.29","108","","","","","","","","","","","","","","","","","","","","","",""
"Lopez, Reynaldo","P","352.22","109","","","","","","","","","","","","","","","","","","","","","",""
"Detmers, Reid","P","352.8","110","","","","","","","","","","","","","","","","","","","","","",""
"Holmes, Clay","P","362.29","111","","","","","","","","","","","","","","","","","","","","","",""
"Bello, Brayan","P","365.76","112","","","","","","","","","","","","","","","","","","","","","",""
"Warren, Will","P","378","113","","","","","","","","","","","","","","","","","","","","","",""
"Cavalli, Cade","P","384.27","114","","","","","","","","","","","","","","","","","","","","","",""
"Taylor, Grant","P","386.95","115","","","","","","","","","","","","","","","","","","","","","",""
"Steele, Justin","P","387.63","116","","","","","","","","","","","","","","","","","","","","","",""
"Lopez, Jacob","P","390.95","117","","","","","","","","","","","","","","","","","","","","","",""
"Vest, Will","P","393.83","118","","","","","","","","","","","","","","","","","","","","","",""
"Leasure, Jordan","P","406.39","119","","","","","","","","","","","","","","","","","","","","","",""
"Stephenson, Robert","P","412.37","120","","","","","","","","","","","","","","","","","","","","","",""
"Lugo, Seth","P","424.9","121","","","","","","","","","","","","","","","","","","","","","",""
"Olson, Reese","P","425.39","122","","","","","","","","","","","","","","","","","","","","","",""
"Gil, Luis","P","429","123","","","","","","","","","","","","","","","","","","","","","",""
"Kikuchi, Yusei","P","435.15","124","","","","","","","","","","","","","","","","","","","","","",""
"Javier, Cristian","P","437.05","125","","","","","","","","","","","","","","","","","","","","","",""
"Tong, Jonah","P","438.41","126","","","","","","","","","","","","","","","","","","","","","",""
"Vodnik, Victor","P","441.2","127","","","","","","","","","","","","","","","","","","","","","",""
"Woods Richardson, Simeon","P","448.9","128","","","","","","","","","","","","","","","","","","","","","",""
"Finnegan, Kyle","P","449.56","129","","","","","","","","","","","","","","","","","","","","","",""
"Peterson, David","P","451.15","130","","","","","","","","","","","","","","","","","","","","","",""
"Oviedo, Johan","P","452.22","131","","","","","","","","","","","","","","","","","","","","","",""
"Bassitt, Chris","P","452.98","132","","","","","","","","","","","","","","","","","","","","","",""
"Keller, Mitch","P","457.88","133","","","","","","","","","","","","","","","","","","","","","",""
"Rogers, Taylor","P","468.44","134","","","","","","","","","","","","","","","","","","","","","",""
"Estrada, Jeremiah","P","475.27","135","","","","","","","","","","","","","","","","","","","","","",""
"Sterner, Justin","P","478.02","136","","","","","","","","","","","","","","","","","","","","","",""
"Giolito, Lucas","P","479.1","137","","","","","","","","","","","","","","","","","","","","","",""
"Arrighetti, Spencer","P","487.93","138","","","","","","","","","","","","","","","","","","","","","",""
"Meyer, Max","P","490.8","139","","","","","","","","","","","","","","","","","","","","","",""
"Morales, Luis","P","492.22","140","","","","","","","","","","","","","","","","","","","","","",""
"Santillan, Tony","P","492.68","141","","","","","","","","","","","","","","","","","","","","","",""
"Tolle, Payton","P","501.8","142","","","","","","","","","","","","","","","","","","","","","",""
"Romero, JoJo","P","504.71","143","","","","","","","","","","","","","","","","","","","","","",""
"May, Dustin","P","508.61","144","","","","","","","","","","","","","","","","","","","","","",""
"Bradley, Taj","P","509.22","145","","","","","","","","","","","","","","","","","","","","","",""
"Pfaadt, Brandon","P","511.85","146","","","","","","","","","","","","","","","","","","","","","",""
"Wacha, Michael","P","512.17","147","","","","","","","","","","","","","","","","","","","","","",""
"Jones, Jared","P","514.07","148","","","","","","","","","","","","","","","","","","","","","",""
"Soroka, Michael","P","519.22","149","","","","","","","","","","","","","","","","","","","","","",""
"Garrett, Braxton","P","523.51","150","","","","","","","","","","","","","","","","","","","","","",""
"Littell, Zack","P","525.1","151","","","","","","","","","","","","","","","","","","","","","",""
"White, Thomas","P","535","152","","","","","","","","","","","","","","","","","","","","","",""
"Scott, Tanner","P","537.49","153","","","","","","","","","","","","","","","","","","","","","",""
"Cleavinger, Garrett","P","546.41","154","","","","","","","","","","","","","","","","","","","","","",""
"Eflin, Zach","P","546.9","155","","","","","","","","","","","","","","","","","","","","","",""
"Cecconi, Slade","P","548.71","156","","","","","","","","","","","","","","","","","","","","","",""
"Springs, Jeffrey","P","549.37","157","","","","","","","","","","","","","","","","","","","","","",""
"Roupp, Landen","P","553.07","158","","","","","","","","","","","","","","","","","","","","","",""
"Severino, Luis","P","555.71","159","","","","","","","","","","","","","","","","","","","","","",""
"Burnes, Corbin","P","569.1","160","","","","","","","","","","","","","","","","","","","","","",""
"Whitlock, Garrett","P","569.41","161","","","","","","","","","","","","","","","","","","","","","",""
"Svanson, Matt","P","569.98","162","","","","","","","","","","","","","","","","","","","","","",""
"Verlander, Justin","P","574.49","163","","","","","","","","","","","","","","","","","","","","","",""
"Martinez, Nick","P","574.49","164","","","","","","","","","","","","","","","","","","","","","",""
"Latz, Jacob","P","576.49","165","","","","","","","","","","","","","","","","","","","","","",""
"Holmes, Grant","P","576.76","166","","","","","","","","","","","","","","","","","","","","","",""
"Berrios, Jose","P","577.22","167","","","","","","","","","","","","","","","","","","","","","",""
"Kremer, Dean","P","578.71","168","","","","","","","","","","","","","","","","","","","","","",""
"Morejon, Adrian","P","579.24","169","","","","","","","","","","","","","","","","","","","","","",""
"Liberatore, Matthew","P","580.68","170","","","","","","","","","","","","","","","","","","","","","",""
"Boyle, Joe","P","581.93","171","","","","","","","","","","","","","","","","","","","","","",""
"Weaver, Luke","P","583.12","172","","","","","","","","","","","","","","","","","","","","","",""
"Doval, Camilo","P","585.15","173","","","","","","","","","","","","","","","","","","","","","",""
"Houser, Adrian","P","590.05","174","","","","","","","","","","","","","","","","","","","","","",""
"Kittredge, Andrew","P","591.56","175","","","","","","","","","","","","","","","","","","","","","",""
"Brash, Matt","P","592.98","176","","","","","","","","","","","","","","","","","","","","","",""
"Wells, Tyler","P","595","177","","","","","","","","","","","","","","","","","","","","","",""
"McGreevy, Michael","P","601.07","178","","","","","","","","","","","","","","","","","","","","","",""
"Lowder, Rhett","P","601.95","179","","","","","","","","","","","","","","","","","","","","","",""
"Sproat, Brandon","P","602.34","180","","","","","","","","","","","","","","","","","","","","","",""
"Maton, Phil","P","602.9","181","","","","","","","","","","","","","","","","","","","","","",""
"Joyce, Ben","P","606.78","182","","","","","","","","","","","","","","","","","","","","","",""
"Rodriguez, Elmer","P","609.71","183","","","","","","","","","","","","","","","","","","","","","",""
"Faucher, Calvin","P","610.56","184","","","","","","","","","","","","","","","","","","","","","",""
"Ginkel, Kevin","P","611.2","185","","","","","","","","","","","","","","","","","","","","","",""
"Abel, Mick","P","612.61","186","","","","","","","","","","","","","","","","","","","","","",""
"Ferrer, Jose A.","P","614.46","187","","","","","","","","","","","","","","","","","","","","","",""
"Erceg, Lucas","P","615.12","188","","","","","","","","","","","","","","","","","","","","","",""
"Burke, Sean","P","623.59","189","","","","","","","","","","","","","","","","","","","","","",""
"Harvey, Hunter","P","626.2","190","","","","","","","","","","","","","","","","","","","","","",""
"Matz, Steven","P","627.39","191","","","","","","","","","","","","","","","","","","","","","",""
"Griffin, Foster","P","632.37","192","","","","","","","","","","","","","","","","","","","","","",""
"Keller, Brad","P","632.73","193","","","","","","","","","","","","","","","","","","","","","",""
"Diaz, Alexis","P","634.76","194","","","","","","","","","","","","","","","","","","","","","",""
"Rocker, Kumar","P","635.27","195","","","","","","","","","","","","","","","","","","","","","",""
"Leiter Jr., Mark","P","636.93","196","","","","","","","","","","","","","","","","","","","","","",""
"Rodriguez, Eduardo","P","637.07","197","","","","","","","","","","","","","","","","","","","","","",""
"Scott, Christian","P","637.1","198","","","","","","","","","","","","","","","","","","","","","",""
"Strahm, Matt","P","639.32","199","","","","","","","","","","","","","","","","","","","","","",""
"Sands, Cole","P","640.51","200","","","","","","","","","","","","","","","","","","","","","",""
"Ashby, Aaron","P","641.71","201","","","","","","","","","","","","","","","","","","","","","",""
"Ryan, River","P","650.02","202","","","","","","","","","","","","","","","","","","","","","",""
"Romano, Jordan","P","652.1","203","","","","","","","","","","","","","","","","","","","","","",""
"Varland, Louis","P","652.93","204","","","","","","","","","","","","","","","","","","","","","",""
"Harris, Hogan","P","653.17","205","","","","","","","","","","","","","","","","","","","","","",""
"Scherzer, Max","P","654","206","","","","","","","","","","","","","","","","","","","","","",""
"Harrison, Kyle","P","655.1","207","","","","","","","","","","","","","","","","","","","","","",""
"Rogers, Tyler","P","655.17","208","","","","","","","","","","","","","","","","","","","","","",""
"Povich, Cade","P","656.05","209","","","","","","","","","","","","","","","","","","","","","",""
"Armstrong, Shawn","P","656.27","210","","","","","","","","","","","","","","","","","","","","","",""
"Martin, Chris","P","656.98","211","","","","","","","","","","","","","","","","","","","","","",""
"Leahy, Kyle","P","657.2","212","","","","","","","","","","","","","","","","","","","","","",""
"Gaddis, Hunter","P","657.73","213","","","","","","","","","","","","","","","","","","","","","",""
"Brown, Ben","P","660.56","214","","","","","","","","","","","","","","","","","","","","","",""
"Henriquez, Ronny","P","662.22","215","","","","","","","","","","","","","","","","","","","","","",""
"Weiss, Ryan","P","662.9","216","","","","","","","","","","","","","","","","","","","","","",""
"Saalfrank, Andrew","P","666.76","217","","","","","","","","","","","","","","","","","","","","","",""
"Crawford, Kutter","P","668.2","218","","","","","","","","","","","","","","","","","","","","","",""
"Soto, Gregory","P","668.49","219","","","","","","","","","","","","","","","","","","","","","",""
"Rea, Colin","P","669.15","220","","","","","","","","","","","","","","","","","","","","","",""
"Mathews, Quinn","P","671.24","221","","","","","","","","","","","","","","","","","","","","","",""
"Puk, A.J.","P","672.51","222","","","","","","","","","","","","","","","","","","","","","",""
"Gasser, Robert","P","672.56","223","","","","","","","","","","","","","","","","","","","","","",""
"Jameson, Drey","P","674.9","224","","","","","","","","","","","","","","","","","","","","","",""
"Fitts, Richard","P","678.22","225","","","","","","","","","","","","","","","","","","","","","",""
"Mlodzinski, Carmen","P","681.8","226","","","","","","","","","","","","","","","","","","","","","",""
"Halvorsen, Seth","P","681.8","227","","","","","","","","","","","","","","","","","","","","","",""
"Garcia, Yimi","P","684.44","228","","","","","","","","","","","","","","","","","","","","","",""
"Sears, JP","P","685.34","229","","","","","","","","","","","","","","","","","","","","","",""
"Myers, Tobias","P","687.17","230","","","","","","","","","","","","","","","","","","","","","",""
"Barco, Hunter","P","688.02","231","","","","","","","","","","","","","","","","","","","","","",""
"Manoah, Alek","P","688.22","232","","","","","","","","","","","","","","","","","","","","","",""
"Birdsong, Hayden","P","689.95","233","","","","","","","","","","","","","","","","","","","","","",""
"Lauer, Eric","P","693.2","234","","","","","","","","","","","","","","","","","","","","","",""
"Ginn, J.T.","P","693.29","235","","","","","","","","","","","","","","","","","","","","","",""
"Alvarado, Jose","P","694","236","","","","","","","","","","","","","","","","","","","","","",""
"Dollander, Chase","P","694.98","237","","","","","","","","","","","","","","","","","","","","","",""
"Perkins, Jack","P","696.98","238","","","","","","","","","","","","","","","","","","","","","",""
"Kay, Anthony","P","698.76","239","","","","","","","","","","","","","","","","","","","","","",""
"Kopech, Michael","P","700.24","240","","","","","","","","","","","","","","","","","","","","","",""
"Bergert, Ryan","P","704.22","241","","","","","","","","","","","","","","","","","","","","","",""
"Ritchie, JR","P","705.93","242","","","","","","","","","","","","","","","","","","","","","",""
"Kerkering, Orion","P","705.95","243","","","","","","","","","","","","","","","","","","","","","",""
"Anderson, Kade","P","706.39","244","","","","","","","","","","","","","","","","","","","","","",""
"McDonald, Trevor","P","707.68","245","","","","","","","","","","","","","","","","","","","","","",""
"Pomeranz, Drew","P","708.83","246","","","","","","","","","","","","","","","","","","","","","",""
"Civale, Aaron","P","709.2","247","","","","","","","","","","","","","","","","","","","","","",""
"Junk, Janson","P","709.27","248","","","","","","","","","","","","","","","","","","","","","",""
"Montgomery, Mason","P","709.27","249","","","","","","","","","","","","","","","","","","","","","",""
"Wrobleski, Justin","P","709.59","250","","","","","","","","","","","","","","","","","","","","","",""
"Anderson, Drew","P","709.68","251","","","","","","","","","","","","","","","","","","","","","",""
"Ashcraft, Graham","P","710.66","252","","","","","","","","","","","","","","","","","","","","","",""
"Tiedemann, Ricky","P","711.44","253","","","","","","","","","","","","","","","","","","","","","",""
"Blubaugh, AJ","P","711.54","254","","","","","","","","","","","","","","","","","","","","","",""
"Phillips, Connor","P","711.73","255","","","","","","","","","","","","","","","","","","","","","",""
"Elder, Bryce","P","711.83","256","","","","","","","","","","","","","","","","","","","","","",""
"Martin, Davis","P","712.27","257","","","","","","","","","","","","","","","","","","","","","",""
"Newcomb, Sean","P","712.9","258","","","","","","","","","","","","","","","","","","","","","",""
"Schultz, Noah","P","714.22","259","","","","","","","","","","","","","","","","","","","","","",""
"Topa, Justin","P","714.61","260","","","","","","","","","","","","","","","","","","","","","",""
"Wiggins, Jaxon","P","714.9","261","","","","","","","","","","","","","","","","","","","","","",""
"Peguero, Joel","P","715.12","262","","","","","","","","","","","","","","","","","","","","","",""
"Jump, Gage","P","715.68","263","","","","","","","","","","","","","","","","","","","","","",""
"Vasquez, Randy","P","719.37","264","","","","","","","","","","","","","","","","","","","","","",""
"Bradford, Cody","P","720.51","265","","","","","","","","","","","","","","","","","","","","","",""
"Quintana, Jose","P","720.88","266","","","","","","","","","","","","","","","","","","","","","",""
"Sewald, Paul","P","720.95","267","","","","","","","","","","","","","","","","","","","","","",""
"McCullers Jr., Lance","P","721.07","268","","","","","","","","","","","","","","","","","","","","","",""
"Festa, David","P","722.17","269","","","","","","","","","","","","","","","","","","","","","",""
"Vesia, Alex","P","722.41","270","","","","","","","","","","","","","","","","","","","","","",""
"Barlow, Scott","P","722.54","271","","","","","","","","","","","","","","","","","","","","","",""
"Adam, Jason","P","723.44","272","","","","","","","","","","","","","","","","","","","","","",""
"Cruz, Fernando","P","724.2","273","","","","","","","","","","","","","","","","","","","","","",""
"Henry, Cole","P","724.54","274","","","","","","","","","","","","","","","","","","","","","",""
"Buehler, Walker","P","725.54","275","","","","","","","","","","","","","","","","","","","","","",""
"Alvarado, Elvis","P","727.32","276","","","","","","","","","","","","","","","","","","","","","",""
"Speier, Gabe","P","728","277","","","","","","","","","","","","","","","","","","","","","",""
"Paddack, Chris","P","729.46","278","","","","","","","","","","","","","","","","","","","","","",""
"Stone, Gavin","P","729.51","279","","","","","","","","","","","","","","","","","","","","","",""
"Urquidy, Jose","P","729.59","280","","","","","","","","","","","","","","","","","","","","","",""
"Lawrence, Justin","P","730.46","281","","","","","","","","","","","","","","","","","","","","","",""
"Klassen, George","P","731.02","282","","","","","","","","","","","","","","","","","","","","","",""
"Montgomery, Jordan","P","731.34","283","","","","","","","","","","","","","","","","","","","","","",""
"Gipson-Long, Sawyer","P","731.39","284","","","","","","","","","","","","","","","","","","","","","",""
"Casparius, Ben","P","733.22","285","","","","","","","","","","","","","","","","","","","","","",""
"Kolek, Stephen","P","733.73","286","","","","","","","","","","","","","","","","","","","","","",""
"Sandoval, Patrick","P","733.78","287","","","","","","","","","","","","","","","","","","","","","",""
"Lorenzen, Michael","P","734","288","","","","","","","","","","","","","","","","","","","","","",""
"Allen, Logan","P","734.34","289","","","","","","","","","","","","","","","","","","","","","",""
"Wicks, Jordan","P","734.51","290","","","","","","","","","","","","","","","","","","","","","",""
"Canning, Griffin","P","734.68","291","","","","","","","","","","","","","","","","","","","","","",""
"Akin, Keegan","P","734.73","292","","","","","","","","","","","","","","","","","","","","","",""
"Gray, Josiah","P","735.63","293","","","","","","","","","","","","","","","","","","","","","",""
"Strowd, Kade","P","736.02","294","","","","","","","","","","","","","","","","","","","","","",""
"McDougal, Tanner","P","736.1","295","","","","","","","","","","","","","","","","","","","","","",""
"Lord, Brad","P","736.34","296","","","","","","","","","","","","","","","","","","","","","",""
"Susana, Jarlin","P","736.46","297","","","","","","","","","","","","","","","","","","","","","",""
"Holton, Tyler","P","736.63","298","","","","","","","","","","","","","","","","","","","","","",""
"Smith, Hagen","P","736.85","299","","","","","","","","","","","","","","","","","","","","","",""
"Baker, Bryan","P","736.98","300","","","","","","","","","","","","","","","","","","","","","",""
"Hopkins, Brody","P","737.02","301","","","","","","","","","","","","","","","","","","","","","",""
"Avila, Luinder","P","737.73","302","","","","","","","","","","","","","","","","","","","","","",""
"Bautista, Felix","P","737.88","303","","","","","","","","","","","","","","","","","","","","","",""
"Gibson, Trey","P","738","304","","","","","","","","","","","","","","","","","","","","","",""
"Thompson, Ryan","P","738.41","305","","","","","","","","","","","","","","","","","","","","","",""
"Espino, Daniel","P","738.66","306","","","","","","","","","","","","","","","","","","","","","",""
"Teodo, Emiliano","P","739.54","307","","","","","","","","","","","","","","","","","","","","","",""
"Doyle, Liam","P","740.02","308","","","","","","","","","","","","","","","","","","","","","",""
"Winn, Cole","P","740.1","309","","","","","","","","","","","","","","","","","","","","","",""
"Whisenhunt, Carson","P","740.24","310","","","","","","","","","","","","","","","","","","","","","",""
"Sugano, Tomoyuki","P","740.34","311","","","","","","","","","","","","","","","","","","","","","",""
"White, Josh","P","740.56","312","","","","","","","","","","","","","","","","","","","","","",""
"Lagrange, Carlos","P","740.85","313","","","","","","","","","","","","","","","","","","","","","",""
"Pallante, Andre","P","741.44","314","","","","","","","","","","","","","","","","","","","","","",""
"Yarbrough, Ryan","P","742.32","315","","","","","","","","","","","","","","","","","","","","","",""
"Mikolas, Miles","P","743","316","","","","","","","","","","","","","","","","","","","","","",""
"Prielipp, Connor","P","743.05","317","","","","","","","","","","","","","","","","","","","","","",""
"Fuentes, Didier","P","743.44","318","","","","","","","","","","","","","","","","","","","","","",""
"Hicks, Jordan","P","743.46","319","","","","","","","","","","","","","","","","","","","","","",""
"Funderburk, Kody","P","743.61","320","","","","","","","","","","","","","","","","","","","","","",""
"Dobbins, Hunter","P","743.61","321","","","","","","","","","","","","","","","","","","","","","",""
"Johnson, Ty","P","743.71","322","","","","","","","","","","","","","","","","","","","","","",""
"Tidwell, Blade","P","743.83","323","","","","","","","","","","","","","","","","","","","","","",""
"Stanek, Ryne","P","744","324","","","","","","","","","","","","","","","","","","","","","",""
"Walker, Taijuan","P","744.54","325","","","","","","","","","","","","","","","","","","","","","",""
"Zeferjahn, Ryan","P","744.9","326","","","","","","","","","","","","","","","","","","","","","",""
"Johnson, Pierce","P","745","327","","","","","","","","","","","","","","","","","","","","","",""
"Freeland, Kyle","P","745.2","328","","","","","","","","","","","","","","","","","","","","","",""
"Zerpa, Angel","P","745.24","329","","","","","","","","","","","","","","","","","","","","","",""
"Mattson, Isaac","P","745.76","330","","","","","","","","","","","","","","","","","","","","","",""
"Lee, Dylan","P","745.9","331","","","","","","","","","","","","","","","","","","","","","",""
"Dana, Caden","P","746.15","332","","","","","","","","","","","","","","","","","","","","","",""
"Mejia, Juan","P","746.17","333","","","","","","","","","","","","","","","","","","","","","",""
"Hurter, Brant","P","746.22","334","","","","","","","","","","","","","","","","","","","","","",""
"Fedde, Erick","P","746.27","335","","","","","","","","","","","","","","","","","","","","","",""
"Foley, Jason","P","746.32","336","","","","","","","","","","","","","","","","","","","","","",""
"Festa, Matt","P","746.49","337","","","","","","","","","","","","","","","","","","","","","",""
"Hendriks, Liam","P","746.56","338","","","","","","","","","","","","","","","","","","","","","",""
"Assad, Javier","P","746.63","339","","","","","","","","","","","","","","","","","","","","","",""
"Martinez, Justin","P","746.68","340","","","","","","","","","","","","","","","","","","","","","",""
"Wentz, Joey","P","746.85","341","","","","","","","","","","","","","","","","","","","","","",""
"Kinley, Tyler","P","746.88","342","","","","","","","","","","","","","","","","","","","","","",""
"Clarke, Taylor","P","746.98","343","","","","","","","","","","","","","","","","","","","","","",""
"Bender, Anthony","P","747.1","344","","","","","","","","","","","","","","","","","","","","","",""
"Drohan, Shane","P","747.15","345","","","","","","","","","","","","","","","","","","","","","",""
"Granillo, Andre","P","747.17","346","","","","","","","","","","","","","","","","","","","","","",""
"Slaten, Justin","P","747.27","347","","","","","","","","","","","","","","","","","","","","","",""
"Clase, Emmanuel","P","747.32","348","","","","","","","","","","","","","","","","","","","","","",""
"Cano, Yennier","P","747.68","349","","","","","","","","","","","","","","","","","","","","","",""
"Perales, Luis","P","747.78","350","","","","","","","","","","","","","","","","","","","","","",""
"Pecko, Ethan","P","748.02","351","","","","","","","","","","","","","","","","","","","","","",""
"Teng, Kai-Wei","P","748.07","352","","","","","","","","","","","","","","","","","","","","","",""
"Fernandez, Julian","P","748.1","353","","","","","","","","","","","","","","","","","","","","","",""
"Sousa, Bennett","P","748.15","354","","","","","","","","","","","","","","","","","","","","","",""
"Marquez, German","P","748.46","355","","","","","","","","","","","","","","","","","","","","","",""
"Bratt, Mitch","P","748.59","356","","","","","","","","","","","","","","","","","","","","","",""
"King, Bryan","P","748.73","357","","","","","","","","","","","","","","","","","","","","","",""
"Butto, Jose","P","748.8","358","","","","","","","","","","","","","","","","","","","","","",""
"Silseth, Chase","P","748.8","359","","","","","","","","","","","","","","","","","","","","","",""
"Seymour, Carson","P","748.85","360","","","","","","","","","","","","","","","","","","","","","",""
"Schmidt, Clarke","P","748.88","361","","","","","","","","","","","","","","","","","","","","","",""
"Arnold, Jamie","P","749.1","362","","","","","","","","","","","","","","","","","","","","","",""
"Poulin, PJ","P","749.17","363","","","","","","","","","","","","","","","","","","","","","",""
"Bazardo, Eduard","P","749.22","364","","","","","","","","","","","","","","","","","","","","","",""
"Miller, Bobby","P","749.22","365","","","","","","","","","","","","","","","","","","","","","",""
"Koenig, Jared","P","749.27","366","","","","","","","","","","","","","","","","","","","","","",""
"Loaisiga, Jonathan","P","749.32","367","","","","","","","","","","","","","","","","","","","","","",""
"Hodge, Porter","P","749.41","368","","","","","","","","","","","","","","","","","","","","","",""
"Hall, DL","P","749.44","369","","","","","","","","","","","","","","","","","","","","","",""
"Okert, Steven","P","749.44","370","","","","","","","","","","","","","","","","","","","","","",""
"Hancock, Emerson","P","749.54","371","","","","","","","","","","","","","","","","","","","","","",""
"Petty, Chase","P","749.56","372","","","","","","","","","","","","","","","","","","","","","",""
"Wenninger, Jack","P","749.63","373","","","","","","","","","","","","","","","","","","","","","",""
"Dreyer, Jack","P","749.83","374","","","","","","","","","","","","","","","","","","","","","",""
"Vasil, Mike","P","750","375","","","","","","","","","","","","","","","","","","","","","",""
"Montero, Keider","P","750.1","376","","","","","","","","","","","","","","","","","","","","","",""
"Fisher, Braydon","P","750.15","377","","","","","","","","","","","","","","","","","","","","","",""
"Drake, Kohl","P","750.32","378","","","","","","","","","","","","","","","","","","","","","",""
"Maxwell, Zach","P","750.34","379","","","","","","","","","","","","","","","","","","","","","",""
"Gomez, Yoendrys","P","750.34","380","","","","","","","","","","","","","","","","","","","","","",""
"Mena, Cristian","P","750.44","381","","","","","","","","","","","","","","","","","","","","","",""
"Pearson, Nate","P","750.54","382","","","","","","","","","","","","","","","","","","","","","",""
"Mears, Nick","P","750.56","383","","","","","","","","","","","","","","","","","","","","","",""
"Alexander, Jason","P","750.59","384","","","","","","","","","","","","","","","","","","","","","",""
"Rodriguez, Yariel","P","750.78","385","","","","","","","","","","","","","","","","","","","","","",""
"Alvarez, Andrew","P","750.78","386","","","","","","","","","","","","","","","","","","","","","",""
"Mautz, Brycen","P","750.8","387","","","","","","","","","","","","","","","","","","","","","",""
"Irvin, Jake","P","750.8","388","","","","","","","","","","","","","","","","","","","","","",""
"De Leon, Luis","P","750.88","389","","","","","","","","","","","","","","","","","","","","","",""
"Stephen, Khal","P","750.9","390","","","","","","","","","","","","","","","","","","","","","",""
"Crow, Coleman","P","750.9","391","","","","","","","","","","","","","","","","","","","","","",""
"Banda, Anthony","P","750.98","392","","","","","","","","","","","","","","","","","","","","","",""