"","Name","25-Aug","","Team","","","","","","","","","","","",""
"1","Tarik Skubal","1","669373","DET","53.1","189","87%","202","195.1","27.81%","2.55","30.85%","123","101","123","2.21"
"2","Paul Skenes","3","694973","PIT","45.9","193","91%","196","187.2","23.74%","2.74","29.87%","110","111","120","1.97"
"3","Garrett Crochet","4","676979","BOS","45.4","191","85%","195","205.1","25.68%","2.9","30.49%","117","100","114","2.59"
"4","Yoshinobu Yamamoto","10","808967","LAD","22","178","85%","161","173.2","20.76%","3.22","27.57%","100","107","110","2.49"
"5","Cristopher Sánchez","11","650911","PHI","33.1","196","94%","201","202","20.82%","3.09","24.81%","117","99","116","2.5"
"6","Hunter Brown","6","686613","HOU","22.3","197","93%","184","185.1","20.44%","3.36","26.32%","105","97","103","2.43"
"7","Max Fried","8","608331","NYY","25.3","179","87%","189","195.1","17.23%","3.32","23.40%","109","103","113","2.86"
"8","Logan Gilbert","5","669302","SEA","29.1","161","88%","166","131","26.54%","3.05","27.68%","104","102","108","3.44"
"9","Bryan Woo","12","693433","SEA","29.2","171","87%","198","186.2","22.16%","3.14","26.02%","109","105","112","2.94"
"10","Chris Sale","10","519242","ATL","35.1","159","63%","169","125.2","26.08%","3.02","29.76%","116","102","113","2.58"
"11","Hunter Greene","16","668881","CIN","21.3","169","73%","184","107.2","25.24%","3.24","30.51%","120","104","120","2.76"
"12","Cole Ragans","20","666142","KCR","30.8","165","78%","172","61.2","30.35%","3.37","28.89%","112","101","111","4.67"
"13","Jacob deGrom","9","594798","TEX","33.6","157","53%","185","172.2","22.12%","3.41","27.05%","108","107","117","2.97"
"14","George Kirby","14","669923","SEA","27.4","171","86%","178","126","20.61%","3.21","24.16%","99","111","109","4.21"
"15","Logan Webb","7","657277","SFG","27.5","201","97%","202","207","20.79%","3.25","23.57%","106","105","110","3.22"
"16","Framber Valdez","13","664285","","19.6","191","90%","190","192","14.84%","3.48","22.94%","106","100","110","3.66"
"17","Spencer Schwellenbach","","680885","ATL","20","161","79%","167","110.2","20.70%","3.55","23.96%","107","109","116","3.09"
"18","Eury Pérez","30","691587","MIA","12.5","161","65%","154","95.1","19.00%","3.59","27.13%","115","97","108","3.67"
"19","Kyle Bradish","65","680694","BAL","16.2","151","57%","158","32","29.37%","3.52","25.93%","102","104","106","2.53"
"20","Joe Ryan","15","657746","MIN","24.1","170","88%","182","171","22.50%","3.62","26.55%","108","103","108","3.42"
"21","Freddy Peralta","20","642547","NYM","17.1","179","86%","178","176.2","19.09%","3.74","26.07%","99","108","106","2.7"
"22","Shohei Ohtani","25","660271","LAD","16.4","121","66%","117","47","28.19%","3.08","29.78%","114","101","116","2.87"
"23","Blake Snell","19","605483","LAD","21.1","135","65%","164","61.1","18.11%","3.33","29.49%","104","109","114","2.35"
"24","Tyler Glasnow","18","607192","LAD","18.3","129","61%","148","90.1","17.21%","3.39","28.15%","101","89","97","3.19"
"25","Drew Rasmussen","29","656876","TBR","11.6","155","72%","171","150","15.38%","3.38","23.41%","108","103","108","2.76"
"26","Chase Burns","47","695505","CIN","13.2","139","72%","134","43.1","27.13%","2.96","31.60%","116","103","119","4.57"
"27","Dylan Cease","17","656302","TOR","25","181","90%","187","168","19.94%","3.55","27.60%","108","100","107","4.55"
"28","Nolan McLean","85","690997","NYM","10.3","165","79%","163","159.2","21.81%","3.69","23.12%","108","98","109","2.06"
"29","Jacob Misiorowski","25","694819","MIL","5.6","149","74%","147","66","20.51%","3.41","29.03%","116","103","119","4.36"
"30","Emmet Sheehan","62","686218","LAD","9.4","129","65%","120","73.1","23.02%","3.43","29.55%","101","106","109","2.82"
"31","Trey Yesavage","","702056","TOR","11.1","152","78%","147","112","14.50%","3.39","28.97%","107","90","98","3.21"
"32","Ryan Pepiot","35","686752","TBR","6.5","179","87%","175","167.2","15.61%","3.73","25.08%","106","97","103","3.86"
"33","Jesús Luzardo","44","666200","PHI","24.6","161","78%","181","183.2","20.98%","3.48","27.12%","106","108","112","3.92"
"34","Michael King","28","650633","SDP","16.5","159","76%","176","73.1","16.23%","3.71","24.96%","101","100","102","3.44"
"35","Cam Schlittler","79","693645","NYY","4.7","151","77%","148","73","17.43%","3.68","24.83%","107","99","104","2.96"
"36","Nathan Eovaldi","27","543135","TEX","21.3","148","61%","175","130","21.77%","3.65","23.04%","99","103","104","1.73"
"37","Nick Pivetta","26","601713","SDP","20","183","88%","193","181.2","19.42%","3.76","26.06%","101","102","103","2.87"
"38","Nick Lodolo","40","666157","CIN","10.1","171","83%","154","156.2","19.47%","3.79","24.32%","106","103","105","3.33"
"39","Zack Wheeler","2","554430","PHI","22.3","131","67%","126","149.2","27.69%","3.19","29.08%","110","108","120","2.71"
"40","Edward Cabrera","36","665795","CHC","7.2","141","72%","142","137.2","17.56%","3.61","26.04%","104","101","105","3.53"
"41","Tatsuya Imai","25","","HOU","","148","","153","163.2","","4.4","22.54%","","","",""
"42","Pablo López","35","641154","MIN","18.5","161","71%","182","75.2","16.99%","3.78","23.74%","96","110","107","2.74"
"43","Kevin Gausman","37","592332","TOR","12.8","188","86%","185","193","17.94%","3.94","23.15%","102","102","102","3.59"
"44","Spencer Strider","32","675911","ATL","17.1","165","70%","161","125.1","14.84%","3.8","27.36%","95","95","90","4.45"
"45","Sonny Gray","34","543243","BOS","21.4","179","83%","181","180.2","21.65%","3.68","25.33%","101","99","103","4.28"
"46","Gavin Williams","41","668909","CLE","6","165","83%","177","167.2","12.78%","3.86","24.13%","101","97","98","3.06"
"47","Luis Castillo","24","622491","SEA","16.3","179","88%","181","180.2","15.57%","3.79","22.48%","98","106","102","3.54"
"48","Tanner Bibee","42","676440","CLE","10","188","96%","182","182.1","14.17%","3.86","22.40%","103","98","101","4.24"
"49","Brandon Woodruff","22","605540","MIL","17.4","133","57%","160","64.2","26.85%","3.92","24.24%","97","106","101","3.2"
"50","Bubba Chandler","70","696149","PIT","-0.7","137","73%","162","31.1","21.77%","3.92","22.96%","105","102","110","4.02"
"51","Cade Horton","55","690990","CHC","-1.1","159","83%","143","137","13.40%","3.96","22.38%","98","100","98","2.67"
"52","Shane Bieber","40","669456","TOR","11.1","129","55%","153","40.1","18.87%","3.95","21.78%","91","106","101","3.57"
"53","Carlos Rodón","21","607074","NYY","11.3","135","77%","162","195.1","16.48%","3.9","24.67%","107","97","102","3.09"
"54","Sandy Alcantara","49","645261","MIA","4.6","185","70%","187","174.2","11.41%","4.05","20.57%","104","104","105","5.36"
"55","Robbie Ray","23","592662","SFG","7","173","71%","180","182.1","14.97%","4.12","24.10%","100","97","96","3.65"
"56","Aaron Nola","45","605400","PHI","14.8","171","81%","181","94.1","17.08%","4.06","23.20%","101","108","108","6.01"
"57","Ranger Suárez","48","624133","BOS","17","174","91%","169","157.1","17.36%","4.06","21.43%","97","110","106","3.2"
"58","Jack Flaherty","46","656427","DET","12.5","168","86%","166","161","18.94%","3.79","25.43%","102","101","103","4.64"
"59","Gerrit Cole","","543037","NYY","8.3","119","","131","0","","3.59","25.72%","","","",""
"60","Braxton Ashcraft","100","677952","PIT","1.7","131","77%","141","69.2","16.10%","3.73","22.15%","105","99","103","2.71"
"61","Bryce Miller","45","682243","SEA","3.9","151","81%","143","90.1","10.20%","3.82","21.87%","102","97","99","5.68"
"62","Grayson Rodriguez","","680570","LAA","8.6","113","","129","0","","3.41","26.92%","","","",""
"63","Joey Cantillo","89","676282","CLE","5.1","143","88%","149","95.1","16.46%","3.88","24.20%","101","97","98","3.21"
"64","Kris Bubic","","663460","KCR","9.5","135","72%","155","116.1","16.18%","4.08","21.83%","96","101","100","2.55"
"65","Trevor Rogers","90","669432","BAL","2.8","161","84%","175","109.2","17.49%","4.3","20.28%","97","103","100","1.81"
"66","Matthew Boyd","38","571510","CHC","12.2","155","72%","183","179.2","15.60%","4.1","21.69%","99","106","101","3.21"
"67","Troy Melton","","675512","DET","-0.4","133","76%","129","121","11.70%","4","22.45%","103","98","102",""
"68","Shane Baz","50","669358","BAL","4.2","161","74%","168","166.1","15.75%","4.02","23.83%","104","101","106","4.87"
"69","Shota Imanaga","31","684007","CHC","9.7","149","92%","171","144.2","16.05%","4.34","21.45%","98","107","105","3.73"
"70","Sean Manaea","39","640455","NYM","9.1","129","73%","149","60.2","23.95%","3.82","24.16%","110","101","106","5.64"
"71","Quinn Priester","45","682990","MIL","0.7","172","89%","169","157.1","12.56%","3.89","20.67%","96","98","94","3.32"
"72","Zebby Matthews","51","805673","MIN","6.5","131","77%","129","79.1","18.08%","3.84","23.74%","101","106","106","5.56"
"73","David Peterson","53","656849","NYM","10.7","177","88%","182","168.2","11.76%","3.97","20.51%","91","102","96","4.22"
"74","Jared Jones","","683003","PIT","2.5","105","","92","0","","3.81","24.17%","","","",""
"75","Joe Boyle","87","671212","TBR","-4.6","129","74%","105","138","13.27%","3.6","27.27%","106","87","95","4.67"
"76","MacKenzie Gore","60","669022","TEX","16.8","165","87%","176","159.2","17.79%","3.78","26.42%","99","98","99","4.17"
"77","José Soriano","63","667755","LAA","8.7","151","83%","177","169","10.22%","3.59","22.21%","103","102","106","4.26"
"78","Will Warren","67","701542","NYY","3.4","169","89%","143","162.1","14.91%","3.88","23.07%","103","97","102","4.44"
"79","Logan Henderson","70","701656","MIL","1.9","133","76%","97","25.1","25.25%","3.89","24.81%","102","109","107","1.78"
"80","Reese Olson","","681857","DET","5.5","128","74%","141","68.2","14.04%","3.91","22.03%","92","102","96","3.15"
"81","Joe Musgrove","","605397","SDP","12.9","113","","159","0","","3.77","22.66%","","","",""
"82","Shane McClanahan","","663556","TBR","16.1","109","","142","0","","3.92","23.15%","","","",""
"83","Kodai Senga","33","673540","NYM","3","101","68%","123","113.1","11.20%","4.05","22.97%","93","95","92","3.02"
"84","Ryan Weathers","90","677960","NYY","5","137","65%","133","38.1","15.06%","3.89","23.28%","104","105","108","3.99"
"85","Jack Leiter","82","683004","TEX","-1.4","165","84%","162","151.2","12.54%","4.08","23.69%","103","93","98","3.86"
"86","Reid Detmers","","672282","LAA","6.8","141","","149","63.2","20.70%","3.45","27.30%","115","110","122",""
"87","Parker Messick","105","800048","CLE","1.1","142","81%","129","139","19.39%","4.1","21.42%","99","108","107","2.72"
"88","Mike Burrows","88","681347","HOU","3.3","161","81%","140","128.1","16.42%","4.05","23.64%","94","100","97","3.94"
"89","Cody Ponce","","664074","TOR","9.2","162","","155","180.2","30.30%","4.07","23.00%","","","",""
"90","Ryne Nelson","61","669194","ARI","-0.1","161","85%","166","154","14.70%","4.12","20.65%","106","100","105","3.39"
"91","Casey Mize","54","663554","DET","7","142","77%","162","149","16.43%","4.13","20.66%","94","107","102","3.87"
"92","Zac Gallen","65","668678","","6.3","191","90%","194","192","13.41%","4.21","21.75%","92","105","99","4.83"
"93","Merrill Kelly","57","518876","ARI","6.9","179","79%","185","184","15.91%","4.35","20.72%","92","103","98","3.52"
"94","Steven Matz","","571927","TBR","-0.7","121","","138","76.2","15.53%","3.81","21.27%","104","110","109","3.05"
"95","Clay Holmes","58","605280","NYM","3.7","173","82%","176","165.2","8.90%","4.13","18.81%","100","100","102","3.53"
"96","Yusei Kikuchi","43","579328","LAA","9.3","175","89%","178","178.1","12.95%","4.09","23.26%","98","105","105","3.99"
"97","Luis Gil","52","661563","NYY","-2.8","111","72%","137","57","3.28%","4.39","22.61%","97","95","95","3.32"
"98","Dustin May","68","669160","STL","1.4","139","60%","155","132.1","11.47%","4.39","20.11%","98","96","94","4.96"
"99","Chad Patrick","100","694477","MIL","-0.3","161","83%","141","119.2","17.30%","4","23.00%","105","99","102","3.53"
"100","Andrew Painter","70","691725","PHI","-9.8","131","","136","118","","4.47","20.08%","","","",""
"101","Brayan Bello","74","678394","BOS","-4.2","178","88%","168","166.2","9.29%","4.42","19.22%","94","102","96","3.35"
"102","Zach Eflin","","621107","BAL","1.5","129","73%","146","71.1","11.97%","4.53","18.14%","92","105","97","5.93"
"103","Andrew Abbott","70","671096","CIN","-1","175","90%","168","166.1","15.50%","4.53","21.80%","99","104","101","2.87"
"104","Noah Cameron","84","702070","KCR","-0.1","155","88%","148","138.1","12.77%","4.66","19.24%","96","100","100","2.99"
"105","Jacob Latz","","656641","TEX","-7.2","119","","130","85.2","11.21%","4.13","23.12%","105","102","107","2.84"
"106","Robby Snelling","","702281","MIA","-3.5","111","","65","136","","4.15","21.20%","","","",""
"107","Roki Sasaki","110","808963","LAD","0.9","93","68%","135","36.1","3.73%","4.19","22.06%","91","91","84","4.46"
"108","Ian Seymour","","693855","TBR","-2.3","99","83%","109","139","18.60%","3.95","23.06%","95","99","95",""
"109","Hunter Barco","","682995","PIT","-4.2","91","","79","102","25.00%","4.1","21.80%","102","107","107",""
"110","Braxton Garrett","","666129","MIA","8.1","101","","122","0","","3.94","21.16%","","","",""
"111","Reynaldo López","163","625643","ATL","6","99","59%","134","5","-4.00%","3.96","24.25%","97","95","91","5.4"
"112","Landen Roupp","69","694738","SFG","-0.3","139","81%","132","106.2","11.97%","4.03","22.06%","97","105","102","3.8"
"113","Mitch Keller","64","656605","PIT","1.7","181","93%","180","176.1","13.22%","4.18","20.68%","94","100","93","4.19"
"114","Johan Oviedo","125","670912","BOS","-2.1","101","60%","78","40.1","11.18%","4.26","23.11%","107","86","96","3.57"
"115","Max Meyer","","676974","MIA","4.1","133","66%","96","64.2","16.84%","4.13","22.01%","97","106","106","4.73"
"116","Grant Holmes","","656550","ATL","-2.8","111","78%","87","115","14.02%","4.05","23.85%","92","100","93","3.99"
"117","Slade Cecconi","93","677944","CLE","-1.5","173","86%","157","145","14.13%","4.29","19.79%","93","104","95","4.3"
"118","Hurston Waldrep","98","694462","ATL","-4.8","138","76%","146","56.1","14.41%","4.3","20.79%","99","99","103","2.88"
"119","Cade Cavalli","81","676917","WSN","2.9","129","56%","152","48.2","11.42%","4.2","19.77%","103","98","103","4.25"
"120","Spencer Arrighetti","83","681293","HOU","-6.7","111","78%","85","35.1","7.05%","4.38","22.49%","102","93","96","5.35"
"121","Tyler Mahle","170","641816","SFG","2.2","131","57%","148","86.2","10.69%","4.36","19.18%","92","111","102","2.18"
"122","Brady Singer","94","663903","CIN","1.4","182","94%","176","169.2","14.39%","4.32","21.40%","95","100","95","4.03"
"123","Seth Lugo","66","607625","KCR","-1.6","160","82%","161","145.1","11.46%","4.83","18.60%","93","96","90","4.15"
"124","Cristian Javier","77","664299","HOU","-9.5","161","64%","157","37","12.10%","4.9","20.26%","95","96","92","4.62"
"125","Taj Bradley","75","671737","MIN","1.9","115","88%","124","142.2","11.74%","4.11","22.88%","101","92","94","5.05"
"126","Jonah Tong","","804636","NYM","-4.4","75","77%","44","132.1","14.90%","3.4","28.20%","99","96","97",""
"127","Justin Steele","","657006","CHC","3","91","68%","83","0","","3.7","22.71%","103","100","98",""
"128","Connelly Early","","813349","BOS","-4","72","78%","49","19.1","31.60%","3.92","24.00%","101","109","111","2.33"
"129","Robert Gasser","","688107","MIL","-6.4","79","66%","61","43","3.40%","3.89","22.63%","104","69","74",""
"130","Brandon Sproat","85","687075","MIL","-7.3","59","75%","56","20.2","11.90%","4.01","20.74%","106","86","90","4.79"
"131","Mick Abel","90","690953","MIN","-7.3","75","76%","111","39","13.22%","4.26","22.68%","109","97","103","6.23"
"132","Kumar Rocker","80","677958","TEX","-0.5","65","75%","131","64.1","11.50%","3.99","21.60%","94","98","92","5.74"
"133","Ryan Weiss","","680802","HOU","-5.5","95","","89","178.2","","4.31","23.00%","","","",""
"134","Jacob Lopez","71","682052","ATH","-0.1","141","83%","136","119.2","19.05%","4.34","24.32%","98","101","99","4.08"
"135","Jameson Taillon","75","592791","CHC","-1.3","151","74%","171","129.2","13.68%","4.54","18.75%","96","107","100","3.68"
"136","Michael Soroka","","647336","ARI","4.7","128","62%","149","89.2","17.40%","4.1","23.14%","95","96","89",""
"137","Bailey Ober","95","641927","MIN","3.7","155","93%","141","146.1","14.26%","4.53","20.64%","96","100","98","5.1"
"138","Justin Verlander","85","434378","","-1","128","63%","143","152","12.84%","4.4","19.87%","103","99","100","3.85"
"139","Chris Bassitt","73","605135","","4.4","169","84%","164","170.1","15.49%","4.3","20.58%","99","100","97","3.96"
"140","Max Scherzer","59","453286","","2.2","101","58%","133","85","16.48%","4.56","22.29%","92","110","103","5.19"
"141","Michael McGreevy","101","700241","STL","1","183","87%","149","171","9.50%","4.44","16.40%","88","111","101","4.42"
"142","Matthew Liberatore","96","669461","STL","-1.4","173","90%","157","151.2","12.65%","4.69","18.56%","95","101","96","4.21"
"143","Brandon Pfaadt","86","694297","ARI","4.9","185","97%","176","176.2","14.34%","4.2","20.65%","96","104","101","5.25"
"144","J.T. Ginn","97","669372","ATH","-1.9","121","81%","95","90.1","17.35%","4.18","21.75%","97","105","108","5.08"
"145","Patrick Sandoval","223","663776","BOS","0.5","101","","123","","","4.3","20.54%","","","",""
"146","Michael Wacha","72","608379","KCR","0","161","79%","170","172.2","11.31%","4.81","17.67%","96","102","98","3.86"
"147","Andre Pallante","92","669467","STL","-7.4","179","92%","148","162.2","6.85%","4.39","16.96%","95","101","98","5.31"
"148","Luis Severino","120","622663","ATH","-2.4","175","74%","182","162.2","10.50%","4.51","19.16%","104","100","103","4.54"
"149","Richard Fitts","158","690916","STL","-6.6","119","72%","111","45","12.31%","4.49","18.20%","102","104","105","5"
"150","Jeffrey Springs","115","605488","ATH","-3","165","73%","175","171","11.78%","4.96","18.95%","94","100","94","4.11"
"151","Logan Evans","109","688138","SEA","-7.6","90","80%","62","81.1","8.00%","4.35","18.33%","91","100","91",""
"152","Drew Anderson","","623454","DET","-1.1","75","","99","14","","4.17","21.56%","","","",""
"153","Luis Morales","124","806960","ATH","-9.3","145","77%","118","138","12.56%","4.47","21.99%","97","106","104","3.14"
"154","Simeon Woods Richardson","138","680573","MIN","-5.2","102","91%","129","","13.00%","4.62","20.39%","91","96","89",""
"155","José Berríos","78","621244","TOR","-1.8","119","93%","122","166","11.75%","4.67","18.84%","87","102","91","4.17"
"156","Sean Newcomb","","656794","CHW","-4.6","90","","105","92.1","15.35%","3.85","22.56%","103","93","94","2.73"
"157","Kai-Wei Teng","116","678906","HOU","","35","79%","33","29.2","15.83%","3.92","24.09%","95","89","84","6.37"
"158","Ben Brown","99","676962","CHC","-0.9","55","78%","49","106.1","18.86%","3.71","25.13%","99","98","97","5.92"
"159","Nestor Cortes","75","641482","","","","70%","","34.1","5.73%","4.47","20.53%","97","97","94","6.29"
"160","Trevor McDonald","","686790","SFG","-7.4","75","78%","60","157.1","20.00%","4.29","18.73%","98","107","108",""
"161","Dean Kremer","106","665152","BAL","-3.5","151","88%","155","171.2","13.70%","4.56","19.99%","96","100","95","4.19"
"162","JP Sears","225","676664","SDP","-3.3","131","93%","132","135.2","13.89%","4.64","19.59%","98","104","101","5.04"
"163","Carmen Mlodzinski","","669387","PIT","-5.8","75","75%","72","99","14.80%","3.83","21.73%","100","105","105","3.55"
"164","Hayden Birdsong","90","806185","SFG","-8.1","55","82%","61","65.2","10.40%","4.44","22.87%","96","89","88","4.8"
"165","Jack Perkins","80","678022","ATH","","59","73%","34","38.2","11.80%","4.2","23.77%","100","96","96","4.19"
"166","Charlie Morton","91","450203","","-6.3","50","68%","86","142","11.77%","4.35","22.34%","99","95","94","5.83"
"167","Cade Povich","104","700249","BAL","-7","86","88%","41","112.1","15.37%","4.37","22.10%","98","99","96","5.21"
"168","Blade Tidwell","100","694918","SFG","","65","74%","30","15","0.00%","4.33","21.01%","106","95","103","9"
"169","Payton Tolle","","801139","BOS","-1.8","59","75%","51","16.1","14.90%","3.69","26.82%","115","91","106","6.06"
"170","David Festa","90","701581","MIN","-3.4","58","77%","50","53.1","14.85%","4.05","24.15%","89","106","99","5.4"
"171","River Ryan","","689981","LAD","-10.6","81","","45","","","4.14","21.75%","","","",""
"172","Adrian Houser","126","605288","SFG","-6.3","121","78%","147","125","10.42%","4.36","17.57%","94","104","99","3.31"
"173","Anthony Kay","","641743","CHW","-5.8","129","","139","155","","","","","","",""
"174","Sean Burke","110","680732","CHW","-11.3","","85%","151","134.1","11.74%","4.54","21.80%","92","100","96","4.22"
"175","Foster Griffin","","656492","WSN","5","109","","143","78","","","","","","",""
"176","Randy Vásquez","225","681190","SDP","-15","111","90%","147","133.2","4.56%","4.76","16.35%","93","102","94","3.84"
"177","Shane Smith","117","681343","CHW","-0.9","169","83%","168","146.1","14.12%","4.49","21.23%","95","97","93","3.81"
"178","Davis Martin","125","663436","CHW","-9.4","151","84%","159","142.2","9.32%","4.59","18.02%","93","98","92","4.1"
"179","Hunter Dobbins","","690928","STL","-7","95","71%","102","61","10.94%","4.63","17.17%","96","106","103","4.13"
"180","Stephen Kolek","110","663568","KCR","-7.1","75","80%","80","112.2","9.98%","4.64","16.19%","94","102","99","3.51"
"181","Eduardo Rodriguez","135","593958","ARI","-1.8","144","73%","143","154.1","11.96%","4.67","19.79%","91","100","93","5.02"
"182","Caden Dana","","702674","LAA","-14.5","101","80%","90","114","10.60%","4.89","20.63%","90","92","85",""
"183","Tyler Wells","","669330","BAL","-3.6","75","53%","102","47","19.50%","4.68","20.92%","99","105","99",""
"184","Emerson Hancock","191","676106","SEA","-6.3","55","80%","60","90","8.57%","4.33","18.70%","90","99","87","4.9"
"185","Quinn Mathews","225","687273","STL","-9.9","71","","46","","","4.52","21.12%","","","",""
"186","Ryan Bergert","113","686701","KCR","-10.3","88","78%","68","76.1","11.76%","5.14","17.93%","92","102","96","3.66"
"187","Kutter Crawford","","676710","BOS","-0.4","65","","120","0","","4.47","21.99%","","","",""
"188","AJ Blubaugh","155","805123","HOU","-10.7","75","78%","53","32","19.35%","4.7","20.50%","103","100","102","1.69"
"189","Rhett Lowder","225","695076","CIN","-8.2","88","","90","","","4.52","18.83%","","","",""
"190","Cody Bradford","","674003","TEX","-2","88","","105","","","4.37","19.79%","","","",""
"191","Jordan Montgomery","","656756","","-6.5","","","91","0","","4.4","18.68%","","","",""
"192","Bryce Elder","130","693821","ATL","-8.5","","92%","63","156.1","11.78%","4.44","19.12%","92","104","98","5.3"
"193","Alek Manoah","","666201","LAA","-11.4","75","","108","38.2","","5.28","17.64%","","","",""
"194","Jason Alexander","","669920","HOU","-8.7","55","78%","51","141.1","11.60%","4.67","17.42%","93","100","94",""
"195","Lance McCullers Jr.","100","621121","HOU","-5.1","65","43%","123","","","4.5","21.42%","97","92","92",""
"196","Chase Dollander","134","801403","COL","-21.8","","76%","133","98","7.48%","5.04","20.93%","97","97","94","6.52"
"197","Logan Allen","147","671106","CLE","-7.7","99","94%","123","156.2","8.88%","4.67","17.94%","91","99","91","4.25"
"198","Joey Wentz","118","666214","ATL","-8.1","70","86%","60","98","11.09%","4.46","21.51%","95","103","96","5.6"
"199","Zack Littell","102","641793","","-0.2","","91%","177","186.2","12.91%","4.85","17.63%","88","101","91","3.81"
"200","Corbin Burnes","","669203","ARI","-6.1","39","75%","38","64.2","14.00%","3.8","22.87%","102","100","105",""
"201","Jake Irvin","120","663623","WSN","-8.6","100","97%","96","180","7.88%","5.02","17.12%","92","102","93","5.7"
"202","Keider Montero","131","672456","DET","-6.8","85","87%","87","90.2","10.54%","4.58","19.32%","97","100","95","4.37"
"203","Josiah Gray","","680686","WSN","-14.8","","","118","","","5.2","17.73%","","","",""
"204","Sawyer Gipson-Long","","687830","DET","-6.4","71","63%","56","31.1","15.04%","4.16","20.85%","95","104","98","7.18"
"205","Didier Fuentes","115","800311","ATL","","35","76%","10","13","8.70%","4.27","22.50%","109","94","101","13.85"
"206","Christian Scott","","681035","NYM","-5.7","45","","51","","","3.87","22.52%","","","",""
"207","Chris Paddack","103","663978","","-6","","73%","124","158","11.19%","4.79","17.36%","91","111","102","5.35"
"208","Bailey Falter","","663559","KCR","-8.7","","85%","74","125.1","6.76%","5.49","15.36%","93","100","94","4.45"
"209","Janson Junk","105","676083","MIA","-5.3","","80%","77","110","14.32%","4.39","17.35%","96","111","106","4.17"
"210","Kyle Harrison","105","690986","BOS","-3.8","","80%","78","35.2","15.38%","4.32","22.95%","104","108","107","4.04"
"211","Ryan Gusto","106","687473","MIA","-8.4","","79%","35","101.2","13.47%","4.55","19.35%","98","101","98","5.67"
"212","Jose Quintana","107","500779","","-11.1","","84%","145","131.2","7.01%","4.95","16.33%","86","104","91","3.96"
"213","Carson Whisenhunt","110","687931","SFG","","","78%","30","23.1","3.92%","4.53","19.31%","97","89","84","5.01"
"214","Lucas Giolito","111","608337","","-6.7","","72%","165","145","10.60%","5.01","19.44%","92","100","93","3.41"
"215","Tomoyuki Sugano","112","608372","","-8.8","","82%","143","157","10.37%","5.2","15.74%","88","106","98","4.64"
"216","Luis Medina","","665622","OAK","-7.7","75","","114","48","6.70%","4.76","19.53%","","","",""
"217","Ricky Tiedemann","","694357","TOR","-10.1","42","","48","0","","3.73","26.64%","","","",""
"218","Gage Jump","","695611","ATH","","45","","28","","","4.42","21.40%","","","",""
"219","Trevor Williams","","592866","WSN","","","75%","18","82.2","11.80%","5.13","16.54%","90","102","94","6.21"
"220","Colin Rea","114","607067","CHC","-5.6","70","81%","134","159.1","12.54%","4.5","18.96%","93","103","95","3.95"
"221","Eric Lauer","119","641778","TOR","-4.8","","78%","57","104.2","17.84%","4.64","20.74%","94","101","91","3.18"
"222","Colton Gordon","","676467","HOU","-8.9","","85%","40","86","13.98%","4.62","19.54%","97","107","100","5.34"
"223","Miles Mikolas","121","571945","","-6.1","","82%","150","156.1","9.42%","4.95","15.37%","89","107","93","4.84"
"224","Taijuan Walker","122","592836","PHI","-12.5","","68%","121","123.2","8.18%","5.31","15.92%","86","101","91","4.08"
"225","Nick Martinez","123","607259","","-5.8","","89%","155","165.2","10.83%","4.52","18.63%","98","104","102","4.45"
"226","Alex Cobb","125","502171","","-5","","","64","","","4.29","19.58%","","","",""
"227","Mitch Spence","126","687765","ATH","-10.3","","88%","40","84.2","10.67%","4.64","18.02%","95","100","98","5.1"
"228","Erick Fedde","127","607200","#N/A","","","84%","","141","2.57%","4.9","17.14%","88","103","94","5.49"
"229","Brad Lord","129","695418","WSN","-3.9","","85%","155","130.2","11.90%","4.63","17.95%","91","102","91","4.34"
"230","Aaron Civale","132","650644","","-4","","83%","140","102","12.64%","4.51","19.79%","91","94","87","4.85"
"231","Walker Buehler","133","621111","","-14.3","","70%","130","126","5.49%","5","17.88%","96","93","91","4.93"
"232","Patrick Corbin","136","571578","","-6.2","","85%","142","155.1","12.07%","4.75","17.85%","93","103","97","4.4"
"233","Michael Lorenzen","137","547179","#N/A","-20.2","","73%","","141.2","14.52%","5.32","18.24%","92","102","94","4.64"
"234","Jordan Wicks","138","696136","CHC","-7.4","","","46","14.1","17.91%","3.98","21.07%","106","111","115","6.28"
"235","Jonathan Cannon","139","686563","CHW","-12","","88%","110","103.2","10.30%","4.88","16.56%","95","99","96","5.82"
"236","Mitchell Parker","140","680730","WSN","-6.8","","96%","81","164.2","6.21%","5.02","16.74%","92","102","93","5.68"
"237","Cal Quantrill","141","615698","","-11.6","","81%","85","117.2","9.75%","5.03","17.50%","88","99","89","6.04"
"238","Tyler Anderson","142","542881","","-13.2","","87%","144","136.1","7.85%","5.28","17.10%","100","97","93","4.56"
"239","Tobias Myers","143","668964","MIL","-5.1","55","84%","60","50.2","10.45%","4.28","19.54%","98","99","97","3.55"
"240","Brandon Young","144","687064","BAL","-8.7","","78%","36","57.2","9.77%","4.56","20.07%","94","102","98","6.24"
"241","José Ureña","145","570632","","","","69%","35","55","4.49%","5.03","16.09%","87","101","92","4.58"
"242","Yoendrys Gomez","146","672782","TBR","-8.7","","81%","85","","","","","97","90","87",""
"243","Kyle Hendricks","148","543294","","","","90%","","164.2","10.22%","5.03","15.34%","97","96","92","4.76"
"244","Kyle Freeland","149","607536","COL","-18.3","","82%","186","162.2","12.13%","5.37","16.53%","94","101","95","4.98"
"245","Javier Assad","108","665871","CHC","-6.1","","78%","77","37","7.19%","4.5","18.82%","93","95","91","3.65"
"","Casey Kelly","150","543391","#N/A","","","","","1.2","-16.67%","6.05","9.73%","74","78","59","0"
"","Noah Schultz","157","702273","CHW","","","","18","","","","","","","",""
"","Bowden Francis","160","670102","TOR","-7.1","","74%","37","64","9.38%","4.64","20.47%","94","98","93","6.05"
"","Ryan Yarbrough","164","642232","NYY","-7.2","","82%","79","64","13.64%","4.57","18.35%","96","106","97","4.36"
"","Landon Knack","165","689017","LAD","","","81%","32","42.1","12.43%","5.08","19.49%","95","102","96","4.89"
"","Adam Mazur","172","800049","MIA","-8.6","","79%","27","30","5.04%","4.63","17.49%","98","97","95","4.8"
"","Paxton Schultz","182","687606","TOR","-11","","","12","24.2","18.18%","4.68","20.16%","93","97","90","4.38"
"","Gunnar Hoglund","186","680684","ATH","-11","","72%","51","32.1","8.63%","5.07","17.20%","95","105","101","6.4"
"","Cooper Criswell","220","681867","NYM","-7.7","","","68","17.2","5.00%","4.18","18.17%","94","111","104","3.57"
"","Jakob Junis","221","596001","0","-6.7","","","66","66.2","13.50%","4.25","20.19%","92","106","99","2.97"
"","Mason Black","222","696131","KCR","-13.9","","","46","4","26.32%","5.25","17.57%","94","111","100","6.75"
"","Chayce McDermott","224","694646","BAL","","","74%","19","8.2","-5.88%","4.89","21.69%","91","67","67","15.58"
"","Marcus Stroman","225","573186","0","-12.9","","74%","140","39","5.71%","4.85","15.69%","86","99","89","6.23"
"","Bobby Miller","225","676272","LAD","","","68%","26","5","17.86%","4.61","19.99%","103","109","107","12.6"
"","Kyle Hart","225","606996","SDP","-8.3","","76%","67","43","13.41%","4.77","17.78%","99","98","97","5.86"
"","Paul Blackburn","225","621112","NYY","-6.7","","61%","68","39","12.57%","4.57","18.43%","93","105","99","6.23"
"","Kenta Maeda","225","628317","#N/A","","","","","8","4.65%","5.1","16.67%","90","78","72","7.88"
"","Martín Pérez","225","527048","0","-9.3","","64%","134","56","9.65%","5.09","16.07%","85","100","89","3.54"
"","Spencer Turnbull","225","605513","0","-12.4","","62%","72","6.1","0.00%","5.16","15.98%","97","112","111","7.11"
"","Yariel Rodríguez","225","684320","TOR","-10.5","","","36","73","10.74%","4.24","22.65%","100","94","96","3.08"
"","DJ Herz","227","687792","WSN","","","","22","","","4.46","23.56%","","","",""
"","Drew Thorpe","228","689672","CHW","-11.6","","","73","","","4.9","17.49%","","","",""
"","Joey Estes","229","683155","ATH","","","85%","30","11","0.00%","5.4","16.17%","82","97","86","9.82"
"","Shinnosuke Ogasawara","230","","#N/A","","","","","38.2","7.51%","5.2","16.77%","","","","6.98"
"","DL Hall","250","669084","MIL","-8.6","","","52","38.2","6.45%","4.24","21.60%","92","94","91","3.49"
"","Jon Gray","250","592351","0","-4.4","","","126","14","9.52%","4.6","19.18%","92","94","88","7.71"
"","Griffin Canning","","656288","0","-5.5","","74%","132","76.1","10.67%","4.42","19.91%","90","98","91","3.77"
"","Lance Lynn","","458681","#N/A","","","","","","","4.77","19.71%","","","",""
"","Triston McKenzie","","663474","SDP","","","","32","5.2","-10.00%","5.25","19.74%","95","59","60","11.12"
"","Jose Urquidy","","","#N/A","","","","","","","","","","","",""
"","Roddery Muñoz","","682610","HOU","-12.2","","","52","11","9.80%","4.68","22.10%","101","97","98","8.18"
"","Hogan Harris","","663687","ATH","-5.9","","","66","64.2","11.55%","4.58","21.55%","100","103","100","3.2"
"","Adam Oller","","670124","#N/A","","","","","","","5.04","18.30%","","","",""
"","Xzavion Curry","","675540","#N/A","","","","","3","-12.50%","5.84","12.55%","93","80","72","6"
"","Darren McCaughan","","670766","#N/A","","","","","5.1","21.74%","4.96","17.59%","93","122","113","1.69"
"","Dakota Hudson","","641712","#N/A","","","","","","","5.53","12.10%","","","",""
"","Ty Blach","","621389","#N/A","","","","","","","5.47","13.15%","","","",""
"","Ross Stripling","","548389","#N/A","","","","","","","5.27","13.59%","","","",""
"","Jared Koenig","","657649","MIL","-2.7","","","65","66","17.91%","3.33","25.46%","110","96","103","2.86"
"","Sixto Sánchez","","664350","#N/A","","","","","","","5.01","15.03%","","","",""
"","Joe Ross","","605452","0","-10.8","","","52","51","9.21%","4.67","18.09%","92","106","97","5.12"
"","Justin Wrobleski","","680736","LAD","-8.2","","","56","66.2","21.07%","4.14","21.82%","101","109","109","4.32"
"","Tommy Henry","","674072","#N/A","","","","","6.2","26.92%","5.26","16.65%","82","103","87","4.05"
"","Cole Irvin","","608344","#N/A","","","","","","","5.03","16.08%","","","",""
"","Easton Lucas","","687922","#N/A","","","75%","","24.1","10.19%","4.51","20.30%","102","92","94","6.66"
"","Elvin Rodriguez","","660730","#N/A","","","74%","","","","","","94","97","94",""
"","Luis F. Castillo","","622379","#N/A","","","75%","","7","-4.88%","4.81","18.48%","91","91","82","7.71"
"","Thomas Harrington","","802419","PIT","","","79%","38","8.2","0.00%","4.81","17.26%","98","88","82","15.58"
"","Connor Gillispie","","687362","#N/A","","","79%","","26","9.76%","5.61","15.20%","87","97","85","8.65"
"","Tyler Phillips","","663969","MIA","-9.4","","","68","77.2","8.95%","4.53","17.09%","97","106","104","2.78"
"","Albert Suárez","","544150","BAL","","","","22","11.2","18.18%","4.97","17.81%","89","94","85","2.31"
"","Nick Nastrini","","680897","#N/A","","","","","","","5.55","18.43%","","","",""
"","Shawn Armstrong","","542888","CLE","-4","","","68","74","19.01%","3.66","23.63%","105","94","96","2.31"
"","Alec Marsh","","679525","#N/A","","","","","","","4.79","20.40%","","","",""
"","Alex Wood","","622072","#N/A","","","","","","","5.15","17.11%","","","",""
"","Carson Spiers","","686730","#N/A","","","70%","","13.1","6.67%","5.05","18.44%","93","90","87","6.08"
"","Dane Dunning","","641540","0","","","","27","20.2","14.74%","4.79","18.25%","81","104","89","6.97"
"","Osvaldo Bido","","674370","TBR","","","79%","14","79.2","9.09%","4.6","20.85%","97","94","91","5.87"
"","Chris Flexen","","623167","#N/A","","","","","43.2","5.62%","5.14","16.21%","86","102","88","3.09"
"","Valente Bellozo","","678368","#N/A","","","","","81.1","8.91%","5.24","16.07%","93","98","90","4.65"
"","Tyler Alexander","","641302","TEX","-7.2","","","84","97.2","12.29%","4.59","18.99%","98","105","101","4.98"
"","Carlos Carrasco","","471911","ATL","","","59%","9","45.2","8.02%","5.35","15.20%","80","101","88","7.09"
"","Ryan Feltner","","663372","COL","-17.5","","74%","115","30.1","9.63%","5.37","17.33%","90","96","88","4.75"
"","Carson Fulmer","","608334","#N/A","","","","","29.1","12.20%","4.83","18.38%","88","101","92","5.83"
"","German Marquez","","608566","0","-10.7","","59%","139","","","","","85","97","84",""
"","Austin Gomber","","596295","0","-9.2","","82%","133","57.2","6.25%","5.23","15.92%","90","100","88","7.49"
"","Antonio Senzatela","","622608","COL","-16.2","","63%","59","130","4.21%","5.86","13.75%","85","105","92","6.65"
"","Ben Lively","","594902","#N/A","","","76%","","44.2","7.87%","4.94","16.70%","90","102","89","3.22"
"","Keaton Winn","","676775","SFG","","","","28","10","16.67%","4.13","19.85%","95","102","98","4.5"
"","Aaron Ashby","","","#N/A","","","","","66.2","19.26%","3.33","24.99%","","","","2.16"
"","Matt Waldron","","663362","SDP","","","82%","27","4.2","-12.00%","4.72","17.77%","86","86","74","7.71"
"","Jack Kochanowicz","","686799","LAA","-11.9","","84%","40","111","2.73%","4.88","14.60%","92","90","85","6.81"
"","Bryse Wilson","","669060","#N/A","","","81%","","47.1","4.02%","4.93","16.67%","92","98","92","6.65"
"","Ben Casparius","","676508","LAD","-10.7","","","52","77.2","15.02%","4.19","22.70%","107","103","109","4.64"