Rank	Player ID	Player	Team	Position(s)	ADP	Min Pick	Max Pick	Difference	# Picks	Team	Team Pick
1	9810	Ohtani, Shohei	LAD	UT, P	1.21	1	3		24		
2	8956	Judge, Aaron	NYY	OF	2.08	1	4		24		
3	10932	Witt Jr., Bobby	KC	SS	3.04	2	5		24		
4	10030	Soto, Juan	NYM	OF	4.33	2	7		24		
5	8594	Ramirez, Jose	CLE	3B	5.13	3	7		24		
6	10711	Skubal, Tarik	DET	P	6.50	4	9		24		
7	9775	Acuna Jr., Ronald	ATL	OF	7.33	4	12		24		
8	11583	De La Cruz, Elly	CIN	SS	7.50	3	11		24		
9	10260	Rodriguez, Julio	SEA	OF	9.04	7	12		24		
10	11885	Skenes, Paul	PIT	P	10.21	7	15		24		
11	10900	Crochet, Garrett	BOS	P	12.17	7	19		24		
12	9948	Tatis Jr., Fernando	SD	OF	13.54	10	17		24		
13	11108	Henderson, Gunnar	BAL	SS	13.79	10	23		24		
14	9787	Tucker, Kyle	LAD	OF	13.96	10	24		24		
15	11875	Caminero, Junior	TB	3B	14.54	11	20		24		
16	11025	Carroll, Corbin	ARZ	OF	15.50	9	22		24		
17	10866	Raleigh, Cal	SEA	C	17.00	13	21		24		
18	9785	Guerrero Jr., Vladimir	TOR	1B	18.17	13	26		24		
19	12222	Kurtz, Nick	ATH	1B	19.00	11	26		24		
20	11738	Chourio, Jackson	MLW	OF	20.46	17	26		24		
21	10231	Chisholm Jr., Jazz	NYY	2B, 3B	20.79	16	29		24		
22	10312	Alonso, Pete	BAL	1B	24.50	21	36		24		
23	8940	Schwarber, Kyle	PHI	UT	24.58	19	34		24		
24	11883	Yamamoto, Yoshinobu	LAD	P	24.67	14	34		24		
25	8226	Lindor, Francisco	NYM	SS	24.83	18	49		24		
26	9132	Turner, Trea	PHI	SS	26.29	22	33		24		
27	11741	Neto, Zach	LAA	SS	28.29	20	35		24		
28	10770	Sanchez, Cristopher	PHI	P	28.42	18	36		24		
29	11787	Miller, Mason	SD	P	29.58	15	37		24		
30	9112	Marte, Ketel	ARZ	2B	31.08	23	44		24		
31	11750	Wood, James	WAS	OF	32.04	24	46		24		
32	10367	Alvarez, Yordan	HOU	UT	32.29	26	42		24		
33	11864	Crow-Armstrong, Pete	CHC	OF	32.38	25	44		24		
34	9376	Diaz, Edwin	LAD	P	32.92	18	40		24		
35	10712	Gilbert, Logan	SEA	P	36.04	25	46		24		
36	7891	Machado, Manny	SD	3B	36.29	25	52		24		
37	11435	Brown, Hunter	HOU	P	37.50	25	51		24		
38	11800	Woo, Bryan	SEA	P	38.79	29	50		24		
39	10134	Munoz, Andres	SEA	P	38.96	33	44		24		
40	10239	Duran, Jhoan	PHI	P	39.33	31	46		24		
41	11982	Smith, Cade	CLE	P	41.25	28	47		24		
42	11881	Langford, Wyatt	TEX	OF	43.04	31	52		24		
43	7887	Sale, Chris	ATL	P	44.33	36	57		24		
44	8690	Olson, Matt	ATL	1B	45.29	34	63		24		
45	10149	Rooker, Brent	ATH	OF	45.92	37	58		24		
46	10216	Greene, Hunter	CIN	P	46.58	40	60		24		
47	7885	Harper, Bryce	PHI	1B	47.13	30	60		24		
48	9708	Devers, Rafael	SF	1B	50.50	32	64		24		
49	10166	Ragans, Cole	KC	P	50.67	42	62		24		
50	8704	Fried, Max	NYY	P	51.75	46	59		24		
51	8784	deGrom, Jacob	TEX	P	52.08	40	66		24		
52	11911	Rice, Ben	NYY	C, 1B	52.67	40	62		24		
53	10151	Turang, Brice	MLW	2B	53.17	43	64		24		
54	11948	Anthony, Roman	BOS	OF	54.17	40	69		24		
55	8638	Betts, Mookie	LAD	SS	56.00	40	79		24		
56	10845	Langeliers, Shea	ATH	C	56.46	43	70		24		
57	10364	Contreras, William	MLW	C	57.42	46	72		24		
58	9915	Peralta, Freddy	NYM	P	58.71	41	69		24		
59	10480	Webb, Logan	SF	P	60.46	47	75		24		
60	11045	Abrams, CJ	WAS	SS	60.67	37	81		24		
61	7709	Chapman, Aroldis	BOS	P	61.96	45	80		24		
62	10681	Bednar, David	NYY	P	63.21	46	74		24		
63	10665	Williams, Devin	NYM	P	63.96	50	83		24		
64	10255	Naylor, Josh	SEA	1B	64.08	46	91		24		
65	7793	Freeman, Freddie	LAD	1B	64.38	53	85		24		
66	11848	Goodman, Hunter	COL	C	64.88	48	90		24		
67	10874	Kirby, George	SEA	P	67.50	58	82		24		
68	9821	Riley, Austin	ATL	3B	67.79	51	83		24		
69	11387	Garcia, Maikel	KC	3B	68.13	53	84		24		
70	11891	Merrill, Jackson	SD	OF	69.33	50	91		24		
71	10824	Duran, Jarren	BOS	OF	70.79	52	87		24		
72	8674	Buxton, Byron	MIN	OF	75.50	65	93		24		
73	11099	Bradish, Kyle	BAL	P	75.54	69	84		24		
74	10822	Greene, Riley	DET	OF	75.63	64	86		24		
75	10786	Ryan, Joe	MIN	P	76.46	54	118		24		
76	9649	Bellinger, Cody	NYY	OF	76.75	61	92		24		
77	10397	Perdomo, Geraldo	ARZ	SS	77.13	61	92		24		
78	11415	Pasquantino, Vinnie	KC	1B	77.88	70	89		24		
79	10235	Luzardo, Jesus	PHI	P	79.17	65	89		24		
80	10191	Cease, Dylan	TOR	P	81.54	65	99		24		
81	10671	Arozarena, Randy	SEA	OF	85.08	64	101		24		
82	12203	Baldwin, Drake	ATL	C	85.25	70	114		24		
83	9492	Hader, Josh	HOU	P	85.29	63	143		24		
84	11985	Ramirez, Agustin	MIA	C	85.96	70	104		24		
85	11071	Soderstrom, Tyler	ATH	OF, 1B	86.00	69	111		24		
86	10083	Valdez, Framber	DET	P	86.08	74	99		24		
87	10321	Helsley, Ryan	BAL	P	86.29	71	107		24		
88	11305	Suzuki, Seiya	CHC	OF	89.79	77	106		24		
89	11591	Perez, Eury	MIA	P	89.79	75	103		24		
90	9294	Estevez, Carlos	KC	P	90.71	57	113		24		
91	9570	Pivetta, Nick	SD	P	91.92	80	110		24		
92	8134	Perez, Salvador	KC	C, 1B	92.42	69	130		24		
93	11309	Pena, Jeremy	HOU	SS	92.42	78	110		24		
94	8981	Iglesias, Raisel	ATL	P	94.00	72	110		24		
95	9820	Bichette, Bo	NYM	SS	94.33	74	108		24		
96	8433	Springer, George	TOR	OF	95.33	80	111		24		
97	8668	Seager, Corey	TEX	SS	97.00	77	120		24		
98	10363	Smith, Will	LAD	C	97.67	50	119		24		
99	8805	Suarez, Eugenio	CIN	3B	98.38	40	118		24		
100	12443	McLean, Nolan	NYM	P	100.25	78	129		24		
101	10305	Cruz, Oneil	PIT	OF	100.42	79	128		24		
102	11065	Harris II, Michael	ATL	OF	101.67	86	118		24		
103	10302	Hoerner, Nico	CHC	2B	102.04	86	116		24		
104	12193	Burns, Chase	CIN	P	102.46	88	117		24		
105	8975	Hoffman, Jeff	TOR	P	105.08	86	123		24		
106	11048	Busch, Michael	CHC	1B	106.21	85	131		24		
107	9415	Bregman, Alex	CHC	3B	111.13	71	128		24		
108	8658	Story, Trevor	BOS	SS	111.17	91	144		24		
109	8116	Altuve, Jose	HOU	OF, 2B	111.88	99	127		24		
110	9652	Pagan, Emilio	CIN	P	112.04	98	125		24		
111	11821	Palencia, Daniel	CHC	P	113.58	86	128		24		
112	9958	Robert Jr., Luis	NYM	OF	114.04	97	129		24		
113	10634	Fairbanks, Pete	MIA	P	115.08	89	141		24		
114	11559	Diaz, Yainer	HOU	C	115.58	102	139		24		
115	11300	Strider, Spencer	ATL	P	116.29	80	157		24		
116	9328	Snell, Blake	LAD	P	118.38	73	243		24		
117	8427	Gausman, Kevin	TOR	P	120.79	99	141		24		
118	8700	Glasnow, Tyler	LAD	P	120.83	87	152		24		
119	10804	Megill, Trevor	MLW	P	121.67	95	159		24		
120	8971	Adames, Willy	SF	SS	123.00	102	147		24		
121	11414	Stowers, Kyle	MIA	OF	123.13	99	148		24		
122	11894	Misiorowski, Jacob	MLW	P	124.50	91	149		24		
123	7903	Yelich, Christian	MLW	UT	124.75	102	159		24		
124	10241	Adell, Jo	LAA	OF	125.46	105	164		24		
125	9678	Woodruff, Brandon	MLW	P	128.29	97	152		24		
126	7931	Jansen, Kenley	DET	P	128.83	106	148		24		
127	12228	Keaschall, Luke	MIN	2B	129.21	105	155		24		
128	11811	Sheehan, Emmet	LAD	P	131.13	97	151		24		
129	10289	King, Michael	SD	P	131.25	108	170		24		
130	10964	Lodolo, Nick	CIN	P	131.79	116	155		24		
131	9428	Hernandez, Teoscar	LAD	OF	131.83	111	159		24		
132	8235	Wheeler, Zack	PHI	P	132.58	109	166		24		
133	11682	Pages, Andy	LAD	OF	133.21	110	152		24		
134	11628	Rafaela, Ceddanne	BOS	2B, OF	133.29	80	160		24		
135	11059	Pepiot, Ryan	TB	P	133.58	121	144		24		
136	9639	Diaz, Yandy	TB	1B	135.58	117	166		24		
137	12361	Schlittler, Cam	NYY	P	136.67	110	168		24		
138	8546	Gray, Sonny	BOS	P	138.63	112	171		24		
139	10419	Marte, Noelvi	CIN	OF, 3B	140.29	112	177		24		
140	8955	Nimmo, Brandon	TEX	OF	141.58	111	168		24		
141	9917	Santana, Dennis	PIT	P	142.00	115	169		24		
142	9432	Swanson, Dansby	CHC	SS	144.38	125	182		24		
143	11939	Marsee, Jakob	MIA	OF	144.88	110	166		24		
144	8130	Eovaldi, Nathan	TEX	P	146.17	123	164		24		
145	10704	Rutschman, Adley	BAL	C	146.58	119	175		24		
146	11649	Butler, Lawrence	ATH	OF	148.58	115	179		24		
147	12035	Chandler, Bubba	PIT	P	149.25	124	178		24		
148	11590	Williams, Gavin	CLE	P	149.42	130	185		24		
149	12463	Yesavage, Trey	TOR	P	150.04	113	180		24		
150	10076	Ward, Taylor	BAL	OF	151.50	129	177		24		
151	10220	Herrera, Ivan	STL	UT	151.83	126	191		24		
152	9754	Alcantara, Sandy	MIA	P	154.00	127	183		24		
153	9721	Albies, Ozzie	ATL	2B	154.83	121	178		24		
154	9683	Chapman, Matt	SF	3B	156.04	133	176		24		
155	10851	Kirk, Alejandro	TOR	C	157.88	122	197		24		
156	10807	Rasmussen, Drew	TB	P	158.42	132	180		24		
157	11794	Walker, Ryan	SF	P	159.71	119	190		24		
158	11653	Doyle, Brenton	COL	OF	161.17	132	191		24		
159	11315	Kwan, Steven	CLE	OF	162.54	141	207		24		
160	10351	Rogers, Trevor	BAL	P	164.54	141	186		24		
161	8775	Ray, Robbie	SF	P	164.75	133	209		24		
162	10068	Lowe, Brandon	PIT	2B	168.54	139	205		24		
163	10365	Edwards, Xavier	MIA	2B, SS	168.88	118	210		24		
164	11664	Uribe, Abner	MLW	P	169.25	136	245		24		
165	12212	Simpson, Chandler	TB	OF	169.79	139	240		24		
166	9506	Castillo, Luis	SEA	P	170.17	137	191		24		
167	12039	Basallo, Samuel	BAL	C	170.96	98	199		24		
168	9263	Contreras, Willson	BOS	1B	171.00	134	197		24		
169	11922	Crews, Dylan	WAS	OF	174.08	152	227		24		
170	11118	Alvarez, Francisco	NYM	C	174.13	157	207		24		
171	11407	Suarez, Robert	ATL	P	175.58	129	215		24		
172	11421	Burleson, Alec	STL	1B, OF	176.08	157	199		24		
173	11117	Moreno, Gabriel	ARZ	C	176.13	155	197		24		
174	11884	Imanaga, Shota	CHC	P	176.25	137	207		24		
175	11751	Holliday, Jackson	BAL	2B	176.42	123	235		24		
176	12471	Imai, Tatsuya	HOU	P	176.79	138	208		24		
177	10831	Torkelson, Spencer	DET	1B	179.04	129	203		24		
178	7689	Trout, Mike	LAA	OF	180.08	144	210		24		
179	12127	Wilson, Jacob	ATH	SS	180.63	147	228		24		
180	9655	Happ, Ian	CHC	OF	181.46	157	206		24		
181	11086	Stott, Bryson	PHI	2B	182.17	148	231		24		
182	11218	Jax, Griffin	TB	P	184.04	125	226		24		
183	10319	Lewis, Royce	MIN	3B	184.08	159	253		24		
184	9973	Gore, MacKenzie	TEX	P	184.92	156	214		24		
185	11901	Teel, Kyle	CWS	C	184.92	161	209		24		
186	12469	Griffin, Konnor	PIT	SS	185.08	145	214		24		
187	9840	Suarez, Ranger	BOS	P	185.42	147	205		24		
188	10721	Cabrera, Edward	CHC	P	188.67	173	208		24		
189	12453	Stewart, Sal	CIN	1B	189.79	161	214		24		
190	11394	Aranda, Jonathan	TB	1B	190.21	140	212		24		
191	11610	Westburg, Jordan	BAL	3B	190.21	123	383		24		
192	12456	Jensen, Carter	KC	C	191.88	104	239		24		
193	11596	Barger, Addison	TOR	3B, OF	191.96	155	218		24		
194	11886	Horton, Cade	CHC	P	194.83	158	231		24		
195	8800	Realmuto, J.T.	PHI	C	195.08	153	240		24		
196	11595	Bibee, Tanner	CLE	P	195.96	165	220		24		
197	8228	Profar, Jurickson	ATL	OF	199.54	173	226		24		
198	12351	Murakami, Munetaka	CWS	3B	201.00	167	237		24		
199	8942	Rodon, Carlos	NYY	P	201.00	105	236		24		
200	11613	McLain, Matt	CIN	2B	201.04	137	258		24		
201	11786	Caballero, Jose	NYY	OF, 2B, 3B, SS	204.13	134	249		24		
202	10331	Baz, Shane	BAL	P	204.42	172	248		24		
203	10153	Reynolds, Bryan	PIT	OF	204.71	171	227		24		
204	8924	Walker, Christian	HOU	1B	206.13	163	242		24		
205	10180	Varsho, Daulton	TOR	OF	206.25	187	229		24		
206	10218	Paredes, Isaac	HOU	3B	207.42	161	242		24		
207	10933	Bubic, Kris	KC	P	207.71	180	246		24		
208	8832	Polanco, Jorge	NYM	2B	208.08	155	233		24		
209	12364	Lile, Daylen	WAS	OF	208.13	160	243		24		
210	11581	Frelick, Sal	MLW	OF	208.38	176	250		24		
211	12490	Okamoto, Kazuma	TOR	3B	210.96	167	243		24		
212	10381	Abreu, Bryan	HOU	P	211.54	117	282		24		
213	12211	Caglianone, Jac	KC	OF	213.79	142	250		24		
214	10213	Ramos, Heliot	SF	OF	215.25	198	234		24		
215	11346	Tovar, Ezequiel	COL	SS	216.21	177	256		24		
216	10422	Lopez, Otto	MIA	SS, 2B	217.83	185	260		24		
217	9919	Laureano, Ramon	SD	OF	218.88	196	256		24		
218	8961	Nola, Aaron	PHI	P	219.75	180	272		24		
219	10332	McClanahan, Shane	TB	P	220.38	189	256		24		
220	11802	Abbott, Andrew	CIN	P	221.58	194	238		24		
221	11892	Montgomery, Colson	CWS	SS	222.25	177	263		24		
222	9944	Gallen, Zac	ARZ	P	222.42	203	248		24		
223	11709	Abreu, Wilyer	BOS	OF	222.71	184	250		24		
224	9838	Dominguez, Seranthony	CWS	P	225.75	167	280		24		
225	9750	Flaherty, Jack	DET	P	225.88	126	275		24		
226	9964	Garcia, Adolis	PHI	OF	229.88	176	264		24		
227	11530	Carpenter, Kerry	DET	OF	231.83	212	259		24		
228	11599	Wells, Austin	NYY	C	232.29	195	282		24		
229	12084	Beck, Jordan	COL	OF	233.38	174	264		24		
230	11600	Manzardo, Kyle	CLE	1B	233.42	188	266		24		
231	11940	Sasaki, Roki	LAD	P	233.54	196	301		24		
232	12204	Durbin, Caleb	BOS	3B	234.04	160	271		24		
233	9087	Boyd, Matthew	CHC	P	235.04	160	270		24		
234	8691	Muncy, Max	LAD	3B	235.08	202	269		24		
235	12302	Wetherholt, JJ	STL	SS	235.42	208	269		24		
236	9248	Musgrove, Joe	SD	P	236.13	200	280		24		
237	10920	Dingler, Dillon	DET	C	236.67	198	284		24		
238	8417	Bogaerts, Xander	SD	SS	238.38	216	281		24		
239	9778	Torres, Gleyber	DET	2B	238.58	129	281		24		
240	10038	Bieber, Shane	TOR	P	239.08	183	328		24		
241	10125	Bohm, Alec	PHI	3B	239.79	182	305		24		
242	11636	Miller, Bryce	SEA	P	239.92	206	271		24		
243	10506	Kelly, Merrill	ARZ	P	242.25	192	300		24		
244	11823	Garcia, Robert	TEX	P	244.71	29	288		24		
245	10279	Garcia Jr., Luis	WAS	2B	246.00	217	291		24		
246	7789	Stanton, Giancarlo	NYY	OF	246.50	209	290		24		
247	8602	Semien, Marcus	NYM	2B	247.42	192	285		24		
248	10358	Stephenson, Tyler	CIN	C	248.38	191	285		24		
249	11075	O'Hoppe, Logan	LAA	C	248.58	203	288		24		
250	10658	Grisham, Trent	NYY	OF	251.46	194	273		24		
251	11327	Leiter, Jack	TEX	P	252.50	220	293		24		
252	9784	Moniak, Mickey	COL	OF	252.75	234	294		24		
253	12459	Early, Connelly	BOS	P	254.63	215	324		24		
254	10481	Arraez, Luis	SF	1B	254.83	155	317		24		
255	10344	Friedl, TJ	CIN	OF	256.71	219	283		24		
256	11609	Cowser, Colton	BAL	OF	257.67	215	299		24		
257	8656	Correa, Carlos	HOU	3B, SS	257.83	208	286		24		
258	8231	Cole, Gerrit	NYY	P	258.63	229	297		24		
259	10224	Burger, Jake	TEX	1B	258.88	213	296		24		
260	10946	Jeffers, Ryan	MIN	C	262.71	211	305		24		
261	12303	Crawford, Justin	PHI	OF	262.92	215	317		24		
262	12305	Smith, Shane	CWS	P	264.38	232	287		24		
263	11162	O'Brien, Riley	STL	P	265.00	224	313		24		
264	11326	Nelson, Ryne	ARZ	P	265.71	240	293		24		
265	11357	Donovan, Brendan	SEA	2B	267.46	200	315		24		
266	12201	Cameron, Noah	KC	P	270.38	222	334		24		
267	11131	Priester, Quinn	MLW	P	270.75	229	311		24		
268	10325	Weathers, Ryan	NYY	P	272.17	230	298		24		
269	9824	O'Hearn, Ryan	PIT	1B, OF	272.54	233	298		24		
270	11999	Ashcraft, Braxton	PIT	P	272.67	232	306		24		
271	10254	Lowe, Josh	LAA	OF	272.75	239	313		24		
272	9856	Castro, Willi	COL	2B, 3B, OF	273.21	220	315		24		
273	11753	Carter, Evan	TEX	OF	274.50	211	304		24		
274	12470	McGonigle, Kevin	DET	SS	277.25	224	309		24		
275	10899	Winn, Masyn	STL	SS	277.63	245	320		24		
276	11123	Baty, Brett	NYM	2B, 3B	277.67	238	382		24		
277	11556	Steer, Spencer	CIN	1B	278.71	237	321		24		
278	11182	Senga, Kodai	NYM	P	279.54	250	309		24		
279	11749	Dominguez, Jasson	NYY	OF	279.75	229	436		24		
280	10159	Mize, Casey	DET	P	281.33	225	333		24		
281	11921	Shaw, Matt	CHC	3B	281.88	216	369		24		
282	12238	Henderson, Logan	MLW	P	281.88	256	311		24		
283	10207	Rodriguez, Grayson	LAA	P	282.42	247	332		24		
284	10401	Cantillo, Joey	CLE	P	284.25	256	333		24		
285	10788	Vaughn, Andrew	MLW	1B	287.21	236	323		24		
286	10925	Clement, Ernie	TOR	2B, 3B, SS	287.50	235	316		24		
287	10417	Vargas, Miguel	CWS	1B, 3B	288.21	240	318		24		
288	12012	Narvaez, Carlos	BOS	C	290.46	241	345		24		
289	11060	Uceta, Edwin	TB	P	291.63	198	503		24		
290	11903	Lee, Jung Hoo	SF	OF	295.08	243	367		24		
291	11919	DeLauter, Chase	CLE	OF	296.04	252	349		24		
292	8666	Manaea, Sean	NYM	P	298.04	253	338		24		
293	11501	Sosa, Lenyn	CWS	1B, 2B	298.08	243	386		24		
294	10774	Ponce, Cody	TOR	P	298.17	263	325		24		
295	11186	Vest, Will	DET	P	302.92	239	428		24		
296	11825	Keith, Colt	DET	2B, 3B	303.46	269	370		24		
297	11619	Burrows, Mike	HOU	P	304.79	267	351		24		
298	10072	Mullins, Cedric	TB	OF	308.79	280	354		24		
299	11159	Ober, Bailey	MIN	P	310.17	281	371		24		
300	12148	Matthews, Zebby	MIN	P	311.04	279	369		24		
301	12226	Beavers, Dylan	BAL	OF	312.00	272	413		24		
302	11585	Painter, Andrew	PHI	P	314.08	255	353		24		
303	11740	Lee, Brooks	MIN	2B, 3B, SS	315.75	282	347		24		
304	11907	Snelling, Robby	MIA	P	315.92	253	418		24		
305	10282	Vientos, Mark	NYM	3B	317.21	265	386		24		
306	9452	Kelly, Carson	CHC	C	318.13	257	376		24		
307	11947	Scott II, Victor	STL	OF	318.38	281	352		24		
308	12430	Melton, Troy	DET	P	318.58	279	357		23		
309	10145	Singer, Brady	CIN	P	319.04	288	341		24		
310	10792	Finnegan, Kyle	DET	P	319.83	158	461		24		
311	9993	McKinstry, Zach	DET	3B, SS, OF	320.29	277	359		24		
312	12215	Messick, Parker	CLE	P	320.33	287	327		23		
313	7886	Taillon, Jameson	CHC	P	322.17	292	354		24		
314	11576	Wallner, Matt	MIN	OF	323.08	283	365		24		
315	9710	Bader, Harrison	SF	OF	324.33	286	377		24		
316	11420	Seymour, Ian	TB	P	328.00	284	380		24		
317	8879	Bassitt, Chris	BAL	P	328.04	248	379		24		
318	10133	Gimenez, Andres	TOR	2B	328.71	227	428		24		
319	11362	Bello, Brayan	BOS	P	328.88	255	388		24		
320	11441	Smith, Josh	TEX	1B, 3B, SS	329.25	289	358		24		
321	12191	Quero, Edgar	CWS	C	329.38	286	362		24		
322	11187	Soriano, Jose	LAA	P	329.92	290	381		24		
323	12259	Patrick, Chad	MLW	P	330.88	300	370		24		
324	11844	Schanuel, Nolan	LAA	1B	331.54	277	395		24		
325	10980	Jung, Josh	TEX	3B	331.58	301	384		24		
326	11439	Lawlar, Jordan	ARZ	3B	333.96	293	399		24		
327	12331	Smith, Cam	HOU	OF	335.92	279	440		24		
328	9555	Holmes, Clay	NYM	P	337.17	281	374		24		
329	11778	Canzone, Dominic	SEA	OF	339.38	291	394		24		
330	12480	Benge, Carson	NYM	OF	339.67	286	417		24		
331	8808	Yates, Kirby	LAA	P	339.96	269	405		24		
332	8478	Ozuna, Marcell	PIT	UT	340.46	285	403		24		
333	9742	Mahle, Tyler	SF	P	340.58	276	551		24		
334	12359	Taylor, Grant	CWS	P	343.54	270	417		24		
335	10143	Naylor, Bo	CLE	C	343.79	295	404		24		
336	11898	Warren, Will	NYY	P	344.33	277	448		24		
337	9410	Lopez, Reynaldo	ATL	P	344.83	278	387		24		
338	12227	Meidroth, Chase	CWS	2B, SS	345.04	291	415		24		
339	10061	McNeil, Jeff	ATH	2B, OF	347.33	289	392		24		
340	10236	Sanchez, Jesus	TOR	OF	348.13	319	397		24		
341	10915	Detmers, Reid	LAA	P	349.79	263	418		24		
342	11106	Beeter, Clayton	WAS	P	349.79	259	459		24		
343	9763	Hays, Austin	CWS	OF	350.71	281	413		24		
344	10438	Kikuchi, Yusei	LAA	P	353.25	232	425		24		
345	10569	Edman, Tommy	LAD	2B, OF	353.38	278	460		24		
346	11325	Volpe, Anthony	NYY	SS	354.04	274	413		24		
347	10248	India, Jonathan	KC	OF, 3B, 2B	354.17	304	411		24		
348	11861	Vodnik, Victor	COL	P	354.92	265	439		24		
349	8962	Bell, Josh	MIN	1B	356.08	312	425		24		
350	12028	Leasure, Jordan	CWS	P	357.17	295	468		24		
351	8221	Castellanos, Nick	SD	OF	357.96	275	426		24		
352	8426	Wacha, Michael	KC	P	358.13	250	433		24		
353	9799	Keller, Mitch	PIT	P	358.17	259	417		24		
354	10477	Steele, Justin	CHC	P	358.38	289	405		24		
355	12344	Tong, Jonah	NYM	P	359.75	294	417		24		
356	10885	Walker, Jordan	STL	OF	361.17	313	411		24		
357	12217	Ballesteros, Moises	CHC	UT	361.21	313	406		24		
358	12202	Eldridge, Bryce	SF	UT	362.25	298	444		24		
359	11553	Estrada, Jeremiah	SD	P	364.29	305	422		24		
360	10528	Romero, JoJo	STL	P	365.13	280	433		24		
361	11934	Mayer, Marcelo	BOS	3B	367.75	326	424		24		
362	10971	Cavalli, Cade	WAS	P	369.04	316	427		24		
363	10146	Marsh, Brandon	PHI	OF	370.17	273	434		24		
364	9765	Robles, Victor	SEA	OF	370.83	315	425		24		
365	9312	Lugo, Seth	KC	P	372.00	311	431		24		
366	10760	Gil, Luis	NYY	P	373.08	299	432		24		
367	9609	Rengifo, Luis	MLW	2B, 3B	373.46	299	457		24		
368	12179	Collins, Isaac	KC	OF	375.25	331	426		24		
369	11841	Lopez, Jacob	ATH	P	375.38	321	423		24		
370	8223	Arenado, Nolan	ARZ	3B	376.13	312	453		24		
371	9772	Scott, Tanner	LAD	P	376.54	203	478		24		
372	10204	Sheets, Gavin	SD	OF	379.75	338	441		24		
373	12050	Caissie, Owen	MIA	OF	382.75	326	423		24		
374	12067	Mangum, Jake	PIT	OF	382.92	289	439		24		
375	11147	Kim, Ha-Seong	ATL	SS	383.96	313	495		24		
376	8694	Crawford, J.P.	SEA	SS	384.42	152	480		24		
377	11434	Horwitz, Spencer	PIT	1B	385.04	317	427		24		
378	10335	Woods Richardson, Simeon	MIN	P	385.13	323	477		24		
379	10181	Peterson, David	NYM	P	385.67	338	495		24		
380	8724	Giolito, Lucas	BOS	P	386.50	289	523		24		
381	11514	Fermin, Freddy	SD	C	387.46	310	447		24		
382	11614	Acuna, Luisangel	CWS	2B	387.83	274	480		24		
383	10769	Cleavinger, Garrett	TB	P	389.00	304	452		24		
384	8650	Stephenson, Robert	LAA	P	389.21	311	473		24		
385	11342	Clemens, Kody	MIN	OF, 2B, 1B	389.21	318	447		24		
386	10263	Ruiz, Keibert	WAS	C	389.79	264	498		24		
387	9262	Caratini, Victor	MIN	C	389.88	321	443		24		
388	10303	Gorman, Nolan	STL	3B, 2B	390.46	301	515		24		
389	11937	Ford, Harry	WAS	C	390.75	312	451		24		
390	12096	Schwellenbach, Spencer	ATL	P	392.75	97	577		23		
391	11893	Jones, Jared	PIT	P	399.42	311	584		24		
392	10832	Meyer, Max	MIA	P	399.88	351	460		24		
393	11102	Bailey, Patrick	SF	C	401.50	303	485		24		
394	12097	Sterner, Justin	ATH	P	402.13	321	466		24		
395	10717	Javier, Cristian	HOU	P	402.29	333	444		24		
396	12478	White, Thomas	MIA	P	406.33	281	471		24		
397	9225	Rogers, Taylor	MIN	P	407.58	243	523		24		
398	12452	Tolle, Payton	BOS	P	408.08	335	565		24		
399	11889	Mayo, Coby	BAL	1B	409.08	316	470		24		
400	9599	Santander, Anthony	TOR	OF	410.42	234	598		22		
401	11887	Waldrep, Hurston	ATL	P	410.96	235	600		21		
402	9789	O'Neill, Tyler	BAL	OF	411.96	363	458		24		
403	12434	Morales, Luis	ATH	P	412.25	324	518		24		
404	11105	Doval, Camilo	NYY	P	412.25	342	513		24		
405	11668	Triolo, Jared	PIT	1B, 3B, SS	413.04	347	475		24		
406	11586	Pfaadt, Brandon	ARZ	P	413.21	335	491		24		
407	9860	Littell, Zack	CIN	P	413.25	270	528		24		
408	10307	Meadows, Parker	DET	OF	414.38	328	495		24		
409	11603	Norby, Connor	MIA	3B	416.79	330	521		24		
410	12020	Arrighetti, Spencer	HOU	P	417.33	348	479		24		
411	12010	Nunez, Nasim	WAS	SS	417.92	356	584		24		
412	10123	Morejon, Adrian	SD	P	418.54	256	509		24		
413	8643	Baez, Javier	DET	3B, SS, OF	419.63	355	498		24		
414	10350	Larnach, Trevor	MIN	OF	419.71	317	474		24		
415	9475	Gurriel Jr., Lourdes	ARZ	OF	419.79	254	522		24		
416	9800	Burnes, Corbin	ARZ	P	421.29	335	503		24		
417	9379	Eflin, Zach	BAL	P	421.63	382	464		24		
418	10327	Murphy, Sean	ATL	C	422.38	332	527		24		
419	9726	McMahon, Ryan	NYY	3B	423.17	370	478		24		
420	12195	Campbell, Kristian	BOS	2B	424.33	290	536		24		
421	11225	Nootbaar, Lars	STL	OF	424.50	332	494		24		
422	12472	Miller, Aidan	PHI	SS	424.54	303	549		24		
423	10662	Ginkel, Kevin	ARZ	P	425.25	255	564		24		
424	10347	Santillan, Tony	CIN	P	426.21	312	533		24		
425	11190	Whitlock, Garrett	BOS	P	427.50	297	525		24		
426	10355	Casas, Triston	BOS	1B	429.63	359	559		24		
427	10766	Cronenworth, Jake	SD	2B	430.58	349	489		24		
428	10290	Amaya, Miguel	CHC	C	430.71	364	503		24		
429	10468	Holmes, Grant	ATL	P	431.63	303	543		24		
430	11634	Roupp, Landen	SF	P	432.25	376	490		24		
431	9417	Benintendi, Andrew	CWS	OF	433.00	324	501		24		
432	12479	Emerson, Colt	SEA	SS	433.50	383	502		24		
433	8331	Soler, Jorge	LAA	OF	436.92	339	479		24		
434	10067	Springs, Jeffrey	ATH	P	437.46	368	506		24		
435	12190	Rushing, Dalton	LAD	C	438.67	347	514		24		
436	10626	Yastrzemski, Mike	ATL	OF	438.79	374	518		24		
437	8951	Berrios, Jose	TOR	P	440.38	344	507		24		
438	9802	Dubon, Mauricio	ATL	2B, 3B, SS, OF	441.17	323	530		24		
439	5420	Verlander, Justin	DET	P	442.46	329	539		24		
440	11836	Cecconi, Slade	CLE	P	443.46	379	562		24		
441	10147	Garrett, Braxton	MIA	P	443.92	380	489		24		
442	11588	Bradley, Taj	MIN	P	444.46	328	568		24		
443	11395	Faucher, Calvin	MIA	P	445.00	251	548		24		
444	9430	Weaver, Luke	NYM	P	445.75	288	539		24		
445	9523	Andujar, Miguel	SD	3B, OF	446.75	381	497		24		
446	12477	Waldschmidt, Ryan	ARZ	OF	446.75	378	508		24		
447	10892	Oviedo, Johan	BOS	P	447.00	396	515		24		
448	11625	Ortiz, Joey	MLW	SS	448.38	359	501		24		
449	9795	Jansen, Danny	TEX	C	448.54	348	508		24		
450	9677	Maton, Phil	CHC	P	449.54	362	512		24		
451	8126	Goldschmidt, Paul	NYY	1B	449.75	360	523		24		
452	10226	McCarthy, Jake	COL	OF	451.08	350	535		24		
453	9791	Soroka, Michael	ARZ	P	451.38	393	586		24		
454	12216	Bazzana, Travis	CLE	2B	452.29	375	542		24		
455	12502	Baez, Joshua	STL	OF	452.63	407	509		24		
456	10999	Meyers, Jake	HOU	OF	453.17	366	528		24		
457	10287	Liberatore, Matthew	STL	P	453.38	345	536		24		
458	12266	Svanson, Matt	STL	P	453.50	352	541		24		
459	12241	Clarke, Denzel	ATH	OF	454.63	386	531		24		
460	11868	Boyle, Joe	TB	P	454.79	331	507		24		
461	12194	Moore, Christian	LAA	2B	455.63	349	543		24		
462	10446	Thomas, Lane	KC	OF	455.67	392	512		24		
463	9706	Kittredge, Andrew	BAL	P	459.92	331	538		24		
464	9876	Lopez, Pablo	MIN	P	462.00	130	462		8		
465	8748	Martinez, Nick	TB	P	462.75	302	546		24		
466	10189	May, Dustin	STL	P	464.17	425	540		24		
467	11297	Brash, Matt	SEA	P	464.79	314	543		24		
468	11594	Olson, Reese	DET	P	465.75	319	588		17		
469	10434	Perez, Wenceel	DET	OF	466.63	412	522		24		
470	12482	Mack, Joe	MIA	C	466.79	402	526		24		
471	11923	Williams, Jett	MLW	SS	469.83	354	579		24		
472	11266	Latz, Jacob	TEX	P	470.54	364	554		24		
473	12214	Kim, Hyeseong	LAD	2B	470.71	404	542		24		
474	12198	Sproat, Brandon	MLW	P	471.13	354	532		24		
475	11193	Wells, Tyler	BAL	P	474.54	373	541		24		
476	9921	Erceg, Lucas	KC	P	475.17	383	552		24		
477	10379	Rocchio, Brayan	CLE	2B, SS	475.79	380	586		24		
478	8958	Severino, Luis	ATH	P	477.13	394	528		24		
479	9470	Higashioka, Kyle	TEX	C	478.92	349	587		24		
480	10245	Bart, Joey	PIT	C	479.58	388	564		24		
481	11276	Gonzalez, Romy	BOS	1B, 2B	480.67	405	589		24		
482	11662	Ferrer, Jose A.	SEA	P	481.88	384	597		23		
483	11754	Joyce, Ben	LAA	P	483.17	306	579		23		
484	11632	Abel, Mick	MIN	P	483.88	417	536		24		
485	10203	Lux, Gavin	TB	OF	483.88	336	591		24		
486	12024	Williams, Carson	TB	SS	486.33	396	588		24		
487	11350	Diaz, Alexis	TEX	P	486.54	296	590		23		
488	12046	Melton, Jacob	TB	OF	487.79	388	598		24		
489	9175	Houser, Adrian	SF	P	488.00	295	582		24		
490	12169	Halvorsen, Seth	COL	P	488.42	299	570		23		
491	10200	Arias, Gabriel	CLE	2B, SS	489.88	389	553		24		
492	12040	Jenkins, Walker	MIN	OF	490.38	399	558		24		
493	10262	Hayes, Ke'Bryan	CIN	3B	490.83	424	561		24		
494	10183	Kremer, Dean	BAL	P	492.33	423	581		24		
495	9725	Hoskins, Rhys	MLW	1B	494.42	375	575		23		
496	11926	House, Brady	WAS	3B	495.13	406	546		24		
497	9936	Keller, Brad	PHI	P	495.17	377	593		24		
498	11943	Hicks, Liam	MIA	1B, C	497.08	326	560		24		
499	12301	Muncy, Max	ATH	2B, 3B	498.67	344	591		24		
500	9642	Sewald, Paul	ARZ	P	501.54	379	568		20		
501	12189	Condon, Charlie	COL	1B	502.08	359	562		24		
502	12128	Baldwin, Brooks	CWS	OF	505.25	418	590		24		
503	9977	Mountcastle, Ryan	BAL	1B	505.29	326	586		22		
504	8768	Martin, Chris	TEX	P	506.88	322	588		23		
505	10142	Alexander, Blaze	BAL	3B	507.25	429	575		24		
506	11592	Julien, Edouard	COL	1B, 2B	509.00	422	577		23		
507	11755	Burke, Sean	CWS	P	510.13	460	562		23		
508	11912	Scott, Christian	NYM	P	512.21	419	559		20		
509	10309	Smith, Pavin	ARZ	1B	512.21	458	574		24		
510	12183	Rocker, Kumar	TEX	P	512.29	417	567		24		
511	10880	Pages, Pedro	STL	C	512.33	414	599		24		
512	11905	Johnston, Troy	COL	OF	512.83	409	562		23		
513	9648	Leiter Jr., Mark	ATH	P	513.54	286	598		21		
514	11364	Sands, Cole	MIN	P	517.54	349	600		21		
515	11204	Mitchell, Garrett	MLW	OF	519.21	415	581		22		
516	11933	Lowder, Rhett	CIN	P	521.04	470	596		24		
517	11528	Gaddis, Hunter	CLE	P	521.29	399	583		22		
518	9205	Strahm, Matt	KC	P	521.29	394	599		24		
519	11597	Harrison, Kyle	MLW	P	522.29	441	579		23		
520	10296	Lowe, Nathaniel	BOS	1B	522.71	251	595		20		
521	8633	Harvey, Hunter	CHC	P	523.88	442	577		23		
522	12329	Rodriguez, Elmer	NYY	P	526.29	448	585		22		
523	12137	McGreevy, Michael	STL	P	527.29	389	583		23		
524	11424	Varland, Louis	TOR	P	528.88	280	592		21		
525	8979	Moncada, Yoan	LAA	3B	529.54	469	589		24		
526	11331	Veen, Zac	COL	OF	531.67	472	600		23		
527	12435	Kayfus, CJ	CLE	OF	532.96	467	589		21		
528	10748	Griffin, Foster	WAS	P	533.21	414	594		21		
529	12047	Jones, Spencer	NYY	OF	533.88	448	594		21		
530	11637	Lukes, Nathan	TOR	OF	534.63	420	596		23		
531	10356	Freeman, Tyler	COL	OF	534.79	460	572		20		
532	12592	Song, Sung-Mun	SD	3B	535.96	406	587		21		
533	8689	Matz, Steven	TB	P	536.08	449	588		21		
534	11742	Davis, Henry	PIT	C	537.25	299	594		21		
535	9863	Kiner-Falefa, Isiah	BOS	3B, SS	537.54	417	600		22		
536	10833	Martin, Austin	MIN	OF	537.96	449	588		23		
537	10372	Ashby, Aaron	MLW	P	539.04	460	585		23		
538	10518	Romano, Jordan	LAA	P	539.88	372	593		20		
539	12177	Sanoja, Javier	MIA	2B, 3B, OF	539.96	451	592		22		
540	12461	Cole, Zach	HOU	OF	541.63	405	591		23		
541	11154	Morel, Christopher	MIA	OF	543.21	471	582		21		
542	11910	Ryan, River	LAD	P	543.29	429	599		21		
543	12367	Clark, Max	DET	OF	544.92	390	582		17		
544	8632	Rodriguez, Eduardo	ARZ	P	546.71	473	595		19		
545	10126	Thomas, Alek	ARZ	OF	550.63	496	600		22		
546	11624	Gelof, Zack	ATH	2B	550.83	414	586		20		
547	9123	Armstrong, Shawn	CLE	P	551.08	362	598		17		
548	9792	Puk, A.J.	ARZ	P	551.33	397	598		19		
549	12279	Garcia, Jhostynxon	PIT	OF	551.33	427	594		20		
550	12473	Ritchie, JR	ATL	P	552.50	480	580		19		
551	11895	Saggese, Thomas	STL	2B, SS	553.13	475	598		21		
552	11822	Leahy, Kyle	STL	P	553.33	463	597		16		
553	9892	Soto, Gregory	PIT	P	553.50	451	595		18		
554	8189	Pomeranz, Drew	LAA	P	555.08	321	597		15		
555	10784	Vesia, Alex	LAD	P	556.04	380	600		16		
556	11375	Weiss, Ryan	HOU	P	556.33	310	599		17		
557	12250	Tawa, Tim	ARZ	1B, OF, 2B	558.25	462	598		20		
558	12345	Perkins, Jack	ATH	P	558.92	454	597		18		
559	11935	Brown, Ben	CHC	P	559.42	420	590		20		
560	6837	Scherzer, Max	TOR	P	559.71	475	599		15		
561	11645	Hamilton, David	MLW	2B	559.75	412	580		14		
562	9557	Sosa, Edmundo	PHI	2B, 3B	561.08	462	597		18		
563	11650	Harris, Hogan	ATH	P	561.75	303	600		13		
564	7514	Santana, Carlos	ARZ	1B	563.08	398	582		9		
565	10725	Rogers, Tyler	TOR	P	563.13	461	598		17		
566	9124	Rea, Colin	CHC	P	563.21	469	598		20		
567	12249	Young, Cole	SEA	2B	563.54	492	596		16		
568	11745	Gasser, Robert	MLW	P	563.67	501	599		17		
569	12192	Mathews, Quinn	STL	P	564.92	441	598		21		
570	11743	Schmitt, Casey	SF	2B, 3B	565.08	420	595		16		
571	12124	Wrobleski, Justin	LAD	P	565.13	445	600		14		
572	11924	Povich, Cade	BAL	P	565.38	481	599		19		
573	11906	Quero, Jeferson	MLW	C	566.08	404	595		10		
574	10024	Lauer, Eric	TOR	P	566.42	432	595		12		
575	12346	Walcott, Sebastian	TEX	SS	566.58	414	597		12		
576	11038	Gonzales, Nick	PIT	2B	567.67	449	593		16		
577	8807	Rojas, Miguel	LAD	3B, 2B, SS	567.96	486	593		14		
578	10193	Ruiz, Esteury	MIA	OF	568.38	404	599		11		
579	11403	Jameson, Drey	ARZ	P	568.46	384	598		11		
580	12485	Ortiz, Abimelec	WAS	1B	568.79	492	591		15		
581	10764	Raley, Luke	SEA	1B, OF	570.29	491	581		14		
582	8688	Pederson, Joc	TEX	UT	571.17	519	592		17		
583	10838	Bleday, JJ	CIN	OF	571.25	504	595		14		
584	11952	Loperfido, Joey	HOU	OF	571.54	486	596		13		
585	12209	Dollander, Chase	COL	P	571.54	514	597		16		
586	12445	Peguero, Joel	SF	P	571.58	407	579		9		
587	12352	Made, Jesus	MLW	SS	571.88	409	595		9		
588	11401	Sears, JP	SD	P	572.71	466	582		9		
589	10318	Mauricio, Ronny	NYM	3B	572.71	489	600		14		
590	9788	Bauers, Jake	MLW	OF, 1B	572.88	442	592		11		
591	11846	Young, Jacob	WAS	OF	574.00	482	597		15		
592	11621	Montgomery, Mason	PIT	P	574.08	340	587		11		
593	11675	Martinez, Angel	CLE	2B, OF	575.38	421	584		9		
594	10234	Jackson, Jeremiah	BAL	OF	576.75	460	599		10		
595	12484	Jump, Gage	ATH	P	577.13	481	591		10		
596	12491	Lagrange, Carlos	NYY	P	577.83	471	594		9		
597	11423	Henry, Cole	WAS	P	577.92	421	592		7		
598	11838	Schneider, Davis	TOR	2B, OF	578.33	450	600		13		
599	12483	Anderson, Kade	SEA	P	579.25	479	589		11		
600	11289	Fortes, Nick	TB	C	579.71	519	599		12		
601	11990	Rodriguez, Emmanuel	MIN	OF	580.38	502	598		11		
602	11126	Topa, Justin	MIN	P	580.42	393	598		10		
603	12014	Fitts, Richard	STL	P	580.63	516	596		12		
604	10209	Canning, Griffin	SD	P	580.79	487	596		11		
605	10854	Manoah, Alek	LAA	P	581.04	516	597		10		
606	10694	Kay, Anthony	CWS	P	581.17	506	591		11		
607	11307	Elder, Bryce	ATL	P	581.71	464	594		8		
608	8212	Sanchez, Gary	MLW	C	582.50	493	597		9		
609	10210	Conine, Griffin	MIA	OF	583.04	514	596		11		
610	10937	Wong, Connor	BOS	C	583.33	525	600		9		
611	9515	Alvarado, Jose	PHI	P	583.50	524	600		14		
612	10705	Heim, Jonah	ATL	C	583.67	515	594		11		
613	10025	Adam, Jason	SD	P	583.83	480	596		7		
614	12196	Smith, Hagen	CWS	P	584.67	461	579		5		
615	11531	Grissom, Vaughn	LAA	2B	584.96	493	598		8		
616	12161	Ginn, J.T.	ATH	P	585.75	472	600		11		
617	12450	Crooks, Jimmy	STL	C	585.75	505	592		6		
618	10345	Myers, Tobias	NYM	P	585.79	446	599		8		
619	12360	Barco, Hunter	PIT	P	586.04	519	594		8		
620	9764	Buehler, Walker	PHI	P	586.67	519	595		9		
621	9923	Barlow, Scott	ATH	P	586.71	493	578		5		
622	11283	Crawford, Kutter	BOS	P	587.04	543	597		9		
623	11371	Henriquez, Ronny	MIA	P	587.17	511	531		4		
624	10225	Fraley, Jake	TB	OF	587.88	483	599		9		
625	12273	Strowd, Kade	ARZ	P	588.13	495	554		4		
626	11954	Pauley, Graham	MIA	3B	588.17	482	600		6		
627	11965	Amador, Adael	COL	2B	588.21	463	599		4		
628	11379	Bautista, Felix	BAL	P	588.33	297	297		1		
629	10362	Benson, Will	CIN	OF	588.67	443	600		5		
630	12026	Birdsong, Hayden	SF	P	589.75	520	586		6		
631	11677	Vasquez, Randy	SD	P	589.83	448	560		3		
632	11046	Hassell III, Robert	WAS	OF	589.88	509	585		5		
633	12481	Wiggins, Jaxon	CHC	P	589.92	505	583		6		
634	12488	Briceno, Josue	DET	C	590.38	499	550		3		
635	12475	Clifford, Ryan	NYM	1B	590.58	473	591		4		
636	10688	Speier, Gabe	SEA	P	590.67	506	593		6		
637	12159	Casparius, Ben	LAD	P	590.83	528	595		6		
638	7150	Kershaw, Clayton	LAD	P	591.04	400	563		2		
639	11810	Mlodzinski, Carmen	PIT	P	591.17	528	599		6		
640	12439	Karros, Kyle	COL	3B	591.38	529	593		5		
641	8895	Garcia, Yimi	TOR	P	591.42	505	587		5		
642	11557	Cruz, Fernando	NYY	P	591.46	486	571		4		
643	10853	Baker, Bryan	TB	P	591.79	532	596		8		
644	12232	Prielipp, Connor	MIN	P	591.83	432	550		2		
645	12197	Schultz, Noah	CWS	P	591.88	528	598		6		
646	9862	Trevino, Jose	CIN	C	592.00	540	588		7		
647	11792	Bradford, Cody	TEX	P	592.08	486	598		6		
648	11080	Toglia, Michael	COL	1B	592.42	395	395		1		
649	8919	Pham, Tommy	PIT	OF	592.54	485	597		3		
650	12299	De Vries, Leodalis	ATH	SS	592.63	545	595		6		
651	12403	Hernandez, Heriberto	MIA	OF	593.13	561	597		10		
652	10960	Thompson, Ryan	ARZ	P	593.42	492	528		2		
653	10444	Moore, Dylan	TEX	2B, OF	593.63	489	536		2		
654	9779	Kopech, Michael	LAD	P	593.67	565	597		11		
655	11856	Saalfrank, Andrew	ARZ	P	593.88	566	595		10		
656	12199	Thomas, Colby	ATH	OF	593.92	532	599		6		
657	9880	Tellez, Rowdy	TEX	1B	593.96	510	523		2		
658	9937	Fernandez, Julian	WAS	P	594.00	433	433		1		
659	12355	Matthews, Brice	HOU	2B	594.21	561	600		10		
660	11876	Kerkering, Orion	PHI	P	594.83	521	587		4		
661	11789	Fry, David	CLE	UT	594.83	522	590		5		
662	9583	Anderson, Drew	DET	P	594.88	484	571		2		
663	11736	Encarnacion-Strand, Christian	CIN	1B	595.00	549	591		5		
664	8841	Hendricks, Kyle	LAA	P	595.21	467	596		2		
665	9974	Kelly, Michael	ATH	P	595.25	463	463		1		
666	12389	Blubaugh, AJ	HOU	P	595.38	532	598		6		
667	11470	Martin, Davis	CWS	P	595.46	497	587		3		
668	12489	Ingle, Cooper	CLE	C	595.46	493	594		3		
669	6696	McCutchen, Andrew	PIT	UT	595.46	522	547		2		
670	11223	Vierling, Matt	DET	OF	595.54	546	587		4		
671	11043	Campusano, Luis	SD	UT	595.67	545	600		5		
672	11605	Tiedemann, Ricky	TOR	P	595.71	548	598		5		
673	10821	White, Eli	ATL	OF	595.75	475	475		1		
674	12098	Schneemann, Daniel	CLE	2B, 3B, OF	596.04	534	588		4		
675	10903	Sousa, Bennett	HOU	P	596.04	482	482		1		
676	12288	Bergert, Ryan	KC	P	596.04	502	600		3		
677	9938	Kinley, Tyler	ATL	P	596.21	543	582		3		
678	8659	McCullers Jr., Lance	HOU	P	596.33	550	597		5		
679	11986	McDonald, Trevor	SF	P	596.33	563	585		4		
680	12595	Troy, Tommy	ARZ	2B	596.38	490	490		1		
681	9500	Rosario, Amed	NYY	3B	596.42	543	589		3		
682	9295	Marquez, German	SD	P	596.46	492	492		1		
683	12340	Alvarado, Elvis	ATH	P	596.46	550	591		3		
684	11902	Festa, David	MIN	P	596.50	530	564		2		
685	12476	Culpepper, Kaelen	MIN	SS	596.54	536	589		3		
686	10408	Isbel, Kyle	KC	OF	596.83	558	595		5		
687	10304	Jones, Nolan	CLE	OF	596.96	560	599		5		
688	12487	Doyle, Liam	STL	P	596.96	551	554		2		
689	7683	Miller, Shelby	CHC	P	596.96	504	504		1		
690	12506	De Paula, Josue	LAD	OF	596.96	547	558		2		
691	12220	Klassen, George	LAA	P	597.04	513	594		2		
692	10161	Paddack, Chris	MIA	P	597.13	543	566		2		
693	11280	Junk, Janson	MIA	P	597.17	509	509		1		
694	11855	Phillips, Connor	CIN	P	597.17	554	556		2		
695	11417	Ashcraft, Graham	CIN	P	597.17	556	590		3		
696	7538	Flores, Wilmer	SF	1B	597.17	545	583		3		
697	8897	McCann, James	ARZ	C	597.21	551	600		5		
698	10839	Encarnacion, Jerar	SF	OF	597.25	511	511		1		
699	12377	Williamson, Ben	TB	3B	597.29	541	572		2		
700	10691	Heineman, Tyler	TOR	C	597.33	555	559		2		
701	12231	Freeland, Alex	LAD	3B	597.38	562	592		3		
702	12486	Gibson, Trey	BAL	P	597.38	568	580		3		
703	11863	Gipson-Long, Sawyer	DET	P	597.42	545	571		2		
704	11975	Mejia, Juan	COL	P	597.46	516	516		1		
705	9172	Kepler, Max	PHI	OF	597.46	533	584		2		
706	12155	Sweeney, Trey	DET	SS	597.63	520	520		1		
707	12374	Tolbert, Tyler	KC	OF	597.63	520	520		1		
708	10001	Toro, Abraham	BOS	1B	597.67	521	521		1		
709	12213	Bradfield, Enrique	BAL	OF	597.75	523	523		1		
710	12517	McDougal, Tanner	CWS	P	597.83	566	588		3		
711	10246	Wentz, Joey	ATL	P	597.88	562	596		4		
712	9549	Garver, Mitch	SEA	C	597.88	561	566		2		
713	11987	Miller, Erik	SF	P	597.96	538	591		2		
714	11442	Pallante, Andre	STL	P	598.17	571	593		3		
715	11629	Yoshida, Masataka	BOS	UT	598.17	549	585		2		
716	12505	Arnold, Jamie	ATH	P	598.21	534	534		1		
717	10604	Mattson, Isaac	PIT	P	598.29	536	536		1		
718	8929	Refsnyder, Rob	SEA	OF	598.33	537	537		1		
719	12181	Wagaman, Eric	MIN	1B, OF	598.33	555	594		3		
720	11779	Feduccia, Hunter	TB	C	598.46	540	540		1		
721	8170	Hendriks, Liam	BOS	P	598.46	544	597		2		
722	12631	Antonacci, Sam	CWS	2B	598.50	543	599		2		
723	12009	Kolek, Stephen	KC	P	598.50	541	541		1		
724	12444	Church, Nathan	STL	OF	598.54	565	578		2		
725	9965	McKenzie, Triston	CLE	P	598.63	544	544		1		
726	12164	Zeferjahn, Ryan	LAA	P	598.71	546	546		1		
727	11584	Rodriguez, Endy	PIT	1B	598.71	551	596		2		
728	10955	Walls, Taylor	TB	SS	598.75	561	596		3		
729	12546	White, Josh	MIA	P	598.75	547	547		1		
730	9600	Torrens, Luis	NYM	C	598.83	573	591		3		
731	12521	Montgomery, Braden	CWS	OF	598.88	570	581		2		
732	10205	Valera, George	CLE	UT	598.92	551	551		1		
733	11956	Whisenhunt, Carson	SF	P	598.96	552	552		1		
734	12518	Alderman, Kemp	MIA	OF	599.04	554	554		1		
735	11606	Mead, Curtis	CWS	1B, 3B	599.13	567	590		2		
736	12526	Neighbors, Tyson	BAL	P	599.21	558	558		1		
737	12369	Lord, Brad	WAS	P	599.21	569	590		2		
738	10308	Sandoval, Patrick	BOS	P	599.29	583	595		4		
739	12378	Fulford, Braxton	COL	C	599.33	580	582		2		
740	10167	Winn, Cole	TEX	P	599.38	562	562		1		
741	10406	Alcantara, Kevin	CHC	OF	599.38	576	587		2		
742	8363	Raley, Brooks	NYM	P	599.42	563	563		1		
743	10661	Clase, Emmanuel	CLE	P	599.46	564	564		1		
744	9819	Mikolas, Miles	WAS	P	599.50	565	565		1		
745	10060	Festa, Matt	CLE	P	599.54	566	566		1		
746	8280	Quintana, Jose	COL	P	599.67	580	590		2		
747	11797	Monasterio, Andruw	BOS	SS	599.71	570	570		1		
748	12131	Hopkins, Brody	TB	P	599.71	570	570		1		
749	12495	Bolte, Henry	ATH	OF	599.75	571	571		1		
750	8954	Conforto, Michael	CHC	OF	599.75	571	571		1		
751	8418	Walker, Taijuan	PHI	P	599.79	572	572		1		
752	12624	Arroyo, Michael	SEA	2B	599.88	574	574		1		
753	12144	Del Castillo, Adrian	ARZ	UT	599.88	587	588		2		
754	10842	Lee, Dylan	ATL	P	599.92	582	594		2		
755	10645	Urquidy, Jose	PIT	P	599.92	575	575		1		
756	11681	DeLuca, Jonny	TB	OF	599.92	575	575		1		
757	9387	Frazier, Adam	KC	2B, OF	599.96	585	592		2		
758	10910	Mears, Nick	KC	P	599.96	576	576		1		
759	11536	Nardi, Andrew	MIA	P	600.00	585	593		2		
760	11459	Holton, Tyler	DET	P	600.00	577	577		1		
761	9290	Okert, Steven	HOU	P	600.00	577	577		1		
762	10445	Urias, Ramon	STL	2B, 3B	600.04	585	594		2		
763	10487	Sborz, Josh	TEX	P	600.04	578	578		1		
764	11615	De Los Santos, Deyvison	MIA	1B	600.08	579	579		1		
765	10926	Espino, Daniel	CLE	P	600.08	579	579		1		
766	8941	Freeland, Kyle	COL	P	600.08	579	579		1		
767	12296	Dreyer, Jack	LAD	P	600.08	579	579		1		
768	10524	Akin, Keegan	BAL	P	600.13	580	580		1		
769	11945	Teodo, Emiliano	TEX	P	600.13	580	580		1		
770	10135	Knizner, Andrew	SEA	C	600.17	581	581		1		
771	12607	Baumler, Carter	TEX	P	600.21	585	598		2		
772	8947	Newcomb, Sean	CWS	P	600.21	582	582		1		
773	9028	Lorenzen, Michael	COL	P	600.21	582	582		1		
774	11850	Funderburk, Kody	MIN	P	600.25	583	583		1		
775	12406	Ritter, Ryan	COL	2B, SS	600.29	584	584		1		
776	9782	Jimenez, Eloy	BAL	UT	600.29	584	584		1		
777	11847	Wicks, Jordan	CHC	P	600.33	585	585		1		
778	9524	Mateo, Jorge	ATL	SS	600.33	585	585		1		
779	11370	Duran, Ezequiel	TEX	1B, SS	600.42	587	587		1		
780	9646	Montgomery, Jordan	TEX	P	600.46	588	588		1		
781	11516	Massey, Michael	KC	2B	600.50	589	589		1		
782	11400	Butto, Jose	SF	P	600.58	591	591		1		
783	12030	Rodriguez, Hector	CIN	OF	600.63	592	592		1		
784	12277	Avila, Luinder	KC	P	600.63	592	592		1		
785	11064	Marchan, Rafael	PHI	C	600.67	593	593		1		
786	12496	Rada, Nelson	LAA	OF	600.67	593	593		1		
787	8686	Austin, Tyler	CHC	1B	600.67	593	593		1		
788	11468	Silseth, Chase	LAA	P	600.71	594	594		1		
789	11658	Ramos, Bryan	BAL	3B	600.75	595	595		1		
790	12008	Slaten, Justin	BOS	P	600.75	595	595		1		
791	12415	Fuentes, Didier	ATL	P	600.75	595	595		1		
792	12371	Braun, Lucas	ATL	P	600.75	595	595		1		
793	12307	Ward, Ryan	LAD	OF	600.79	596	596		1		
794	11515	Eaton, Nate	BOS	OF	600.92	599	599		1		
795	9807	Yarbrough, Ryan	NYY	P	600.92	599	599		1		
796	11762	Flores Jr., Rafael	PIT	1B	600.92	599	599		1		
797	11552	Little, Brendon	TOR	P	600.92	599	599		1		
798	12034	Crim, Blaine	COL	1B	600.96	600	600		1		
